filename,route,reason,dsm_dtm_offset_m,dsm_offset_from_rgb_m,dtm_offset_from_rgb_m,ndsm_value
O2021_83_25_1_0027_00001529_3000_2000.tif,83-25,DSM/DTM geotransform mismatch -- no co-located terrain model,670.820393249937,0.0,670.820393249937,0.0
O2021_82_22_1_0029_00002082_5000_4000.tif,82-22,DSM/DTM geotransform mismatch -- no co-located terrain model,205.0,0.0,205.0,0.0
O2021_82_13_1_0024_00141742_4000_2000.tif,82-13,DSM/DTM geotransform mismatch -- no co-located terrain model,507.35589086951575,507.35589086951575,0.0,0.0
O2021_82_20_1_0024_00005080_13000_11000.tif,82-20,DSM/DTM geotransform mismatch -- no co-located terrain model,4.422938524830713e+59,0.0,4.422938524830713e+59,0.0
O2021_82_11_1_0026_00002615_10000_3000.tif,82-11,DSM/DTM geotransform mismatch -- no co-located terrain model,110.4943437466371,0.0,110.4943437466371,0.0
O2021_82_16_1_0025_00005219_10cm_7460_3000.tif,82-16,DSM/DTM geotransform mismatch -- no co-located terrain model,151.24152868838638,0.0,151.24152868838638,0.0
O2021_82_20_1_0024_00005078_11000_1000.tif,82-20,DSM/DTM geotransform mismatch -- no co-located terrain model,4.422938524830713e+59,0.0,4.422938524830713e+59,0.0
O2021_82_11_1_0025_00003594_10000_3000.tif,82-11,DSM/DTM geotransform mismatch -- no co-located terrain model,113.17685275708986,113.17685275708986,0.0,0.0
O2021_82_20_1_0024_00005079_10000_11000.tif,82-20,DSM/DTM geotransform mismatch -- no co-located terrain model,4.422938524830713e+59,0.0,4.422938524830713e+59,0.0
O2021_82_21_1_0005_00001869_5000_1000.tif,82-21,DSM/DTM geotransform mismatch -- no co-located terrain model,4.422938524830713e+59,0.0,4.422938524830713e+59,0.0
O2021_82_19_1_0024_00005012_2000_0.tif,82-19,DSM/DTM geotransform mismatch -- no co-located terrain model,728.0109889280518,0.0,728.0109889280518,0.0
O2021_82_11_1_0027_00002539_5000_0.tif,82-11,DSM/DTM geotransform mismatch -- no co-located terrain model,1109.2939195722656,1109.2939195722656,0.0,0.0
O2021_82_19_1_0024_00005008_2000_2000.tif,82-19,DSM/DTM geotransform mismatch -- no co-located terrain model,728.0109889280518,0.0,728.0109889280518,0.0
O2021_82_20_1_0024_00005079_0_9000.tif,82-20,DSM/DTM geotransform mismatch -- no co-located terrain model,4.422938524830713e+59,0.0,4.422938524830713e+59,0.0
O2021_82_22_1_0030_00000256_3000_0.tif,82-22,DSM/DTM geotransform mismatch -- no co-located terrain model,200.35218990567586,200.35218990567586,0.0,0.0
O2021_82_20_1_0024_00005078_5000_1000.tif,82-20,DSM/DTM geotransform mismatch -- no co-located terrain model,4.422938524830713e+59,0.0,4.422938524830713e+59,0.0
O2021_82_21_1_0004_00002039_16000_2000.tif,82-21,DSM/DTM geotransform mismatch -- no co-located terrain model,4.422938524830713e+59,0.0,4.422938524830713e+59,0.0
O2021_82_20_1_0024_00005078_7000_3000.tif,82-20,DSM/DTM geotransform mismatch -- no co-located terrain model,4.422938524830713e+59,0.0,4.422938524830713e+59,0.0
O2021_82_11_1_0025_00003597_4000_2000.tif,82-11,DSM/DTM geotransform mismatch -- no co-located terrain model,315.0063491423625,315.0063491423625,0.0,0.0
O2021_82_19_1_0023_00005470_8000_3000.tif,82-19,DSM/DTM geotransform mismatch -- no co-located terrain model,420.3534227290174,420.3534227290174,0.0,0.0
O2021_83_31_1_0041_00093603_3000_2000.tif,83-31,DSM/DTM geotransform mismatch -- no co-located terrain model,873.0692985095742,0.0,873.0692985095742,0.0
O2021_82_11_1_0025_00003595_1000_1000.tif,82-11,DSM/DTM geotransform mismatch -- no co-located terrain model,264.62237244798484,0.0,264.62237244798484,0.0
O2021_82_20_1_0024_00005078_8000_3000.tif,82-20,DSM/DTM geotransform mismatch -- no co-located terrain model,4.422938524830713e+59,0.0,4.422938524830713e+59,0.0
O2021_82_22_1_0031_00000384_5000_6000.tif,82-22,DSM/DTM geotransform mismatch -- no co-located terrain model,361.4000553403389,0.0,361.4000553403389,0.0
O2021_82_21_1_0005_00001869_9000_2000.tif,82-21,DSM/DTM geotransform mismatch -- no co-located terrain model,4.422938524830713e+59,0.0,4.422938524830713e+59,0.0
O2021_82_11_1_0026_00002616_5000_3000.tif,82-11,DSM/DTM geotransform mismatch -- no co-located terrain model,434.25568505202097,434.25568505202097,0.0,0.0
O2021_83_26_1_0012_00001782_4000_3000.tif,83-26,DSM/DTM geotransform mismatch -- no co-located terrain model,374.50901190759083,0.0,374.50901190759083,0.0
O2021_82_21_1_0005_00001869_6000_2000.tif,82-21,DSM/DTM geotransform mismatch -- no co-located terrain model,4.422938524830713e+59,0.0,4.422938524830713e+59,0.0
O2021_83_26_1_0013_00001592_3000_1000.tif,83-26,DSM/DTM geotransform mismatch -- no co-located terrain model,420.1951927378513,0.0,420.1951927378513,0.0
O2021_82_20_1_0024_00005078_12000_2000.tif,82-20,DSM/DTM geotransform mismatch -- no co-located terrain model,4.422938524830713e+59,0.0,4.422938524830713e+59,0.0
O2021_82_21_1_0004_00002039_15000_0.tif,82-21,DSM/DTM geotransform mismatch -- no co-located terrain model,4.422938524830713e+59,1555.6349186104046,4.422938524830713e+59,0.0
O2021_82_20_1_0024_00005080_12000_11000.tif,82-20,DSM/DTM geotransform mismatch -- no co-located terrain model,4.422938524830713e+59,0.0,4.422938524830713e+59,0.0
O2021_82_20_1_0024_00005078_13000_3000.tif,82-20,DSM/DTM geotransform mismatch -- no co-located terrain model,4.422938524830713e+59,0.0,4.422938524830713e+59,0.0
O2021_82_20_1_0024_00005079_4000_3000.tif,82-20,DSM/DTM geotransform mismatch -- no co-located terrain model,4.422938524830713e+59,0.0,4.422938524830713e+59,0.0
O2021_82_11_1_0024_00002866_5000_0.tif,82-11,DSM/DTM geotransform mismatch -- no co-located terrain model,1110.4327985069606,1110.4327985069606,0.0,0.0
O2021_82_11_1_0024_00002866_1000_1000.tif,82-11,DSM/DTM geotransform mismatch -- no co-located terrain model,583.09518948453,0.0,583.09518948453,0.0
O2021_82_20_1_0024_00005079_0_4000.tif,82-20,DSM/DTM geotransform mismatch -- no co-located terrain model,4.422938524830713e+59,0.0,4.422938524830713e+59,0.0
O2021_82_22_1_0030_00000257_8000_4000.tif,82-22,DSM/DTM geotransform mismatch -- no co-located terrain model,206.73654732533385,206.73654732533385,0.0,0.0
O2021_82_20_1_0024_00005078_9000_2000.tif,82-20,DSM/DTM geotransform mismatch -- no co-located terrain model,4.422938524830713e+59,0.0,4.422938524830713e+59,0.0
O2021_82_20_1_0024_00005079_11000_11000.tif,82-20,DSM/DTM geotransform mismatch -- no co-located terrain model,4.422938524830713e+59,0.0,4.422938524830713e+59,0.0
O2021_82_20_1_0024_00005080_5000_9000.tif,82-20,DSM/DTM geotransform mismatch -- no co-located terrain model,4.422938524830713e+59,0.0,4.422938524830713e+59,0.0
O2021_82_11_1_0024_00002864_4000_2000.tif,82-11,DSM/DTM geotransform mismatch -- no co-located terrain model,1063.8505534143412,1063.8505534143412,0.0,0.0
O2021_82_20_1_0024_00005078_6000_2000.tif,82-20,DSM/DTM geotransform mismatch -- no co-located terrain model,4.422938524830713e+59,0.0,4.422938524830713e+59,0.0
O2021_82_22_1_0030_00000261_3000_2000.tif,82-22,DSM/DTM geotransform mismatch -- no co-located terrain model,203.0492551082126,0.0,203.0492551082126,0.0
O2021_82_20_1_0024_00005080_8000_10000.tif,82-20,DSM/DTM geotransform mismatch -- no co-located terrain model,4.422938524830713e+59,0.0,4.422938524830713e+59,0.0
O2021_82_13_1_0025_00144221_2000_1000.tif,82-13,DSM/DTM geotransform mismatch -- no co-located terrain model,408.01960737199875,408.01960737199875,0.0,0.0
O2021_82_13_1_0024_00141759_6000_2000.tif,82-13,DSM/DTM geotransform mismatch -- no co-located terrain model,375.8683280086259,0.0,375.8683280086259,0.0
O2021_83_25_1_0027_00001530_4000_1000.tif,83-25,DSM/DTM geotransform mismatch -- no co-located terrain model,753.241661088923,0.0,753.241661088923,0.0
O2021_82_22_1_0032_00000908_5000_3000.tif,82-22,DSM/DTM geotransform mismatch -- no co-located terrain model,206.196508214858,0.0,206.196508214858,0.0
O2021_82_11_1_0025_00003595_8000_0.tif,82-11,DSM/DTM geotransform mismatch -- no co-located terrain model,316.26729201736936,316.26729201736936,0.0,0.0
O2021_82_21_1_0004_00002040_3000_7000.tif,82-21,DSM/DTM geotransform mismatch -- no co-located terrain model,860.2325267042627,0.0,860.2325267042627,0.0
O2021_83_31_1_0043_00091125_1000_4000.tif,83-31,DSM/DTM geotransform mismatch -- no co-located terrain model,724.5474449613358,0.0,724.5474449613358,0.0
O2021_82_20_1_0024_00005078_1000_8000.tif,82-20,DSM/DTM geotransform mismatch -- no co-located terrain model,4.422938524830713e+59,0.0,4.422938524830713e+59,0.0
O2021_82_11_1_0023_00003029_9000_7000.tif,82-11,DSM/DTM geotransform mismatch -- no co-located terrain model,1236.9284538727372,0.0,1236.9284538727372,0.0
O2021_82_22_1_0031_00000385_2000_2000.tif,82-22,DSM/DTM geotransform mismatch -- no co-located terrain model,409.4398612739116,409.4398612739116,0.0,0.0
O2021_82_20_1_0024_00005077_8000_1000.tif,82-20,DSM/DTM geotransform mismatch -- no co-located terrain model,4.422938524830713e+59,0.0,4.422938524830713e+59,0.0
O2021_82_20_1_0024_00005077_10000_1000.tif,82-20,DSM/DTM geotransform mismatch -- no co-located terrain model,4.422938524830713e+59,0.0,4.422938524830713e+59,0.0
O2021_82_20_1_0024_00005079_3000_9000.tif,82-20,DSM/DTM geotransform mismatch -- no co-located terrain model,4.422938524830713e+59,0.0,4.422938524830713e+59,0.0
O2021_82_13_1_0026_00144925_3000_0.tif,82-13,DSM/DTM geotransform mismatch -- no co-located terrain model,201.2486024796197,201.2486024796197,0.0,0.0
O2021_82_20_1_0024_00005077_7000_1000.tif,82-20,DSM/DTM geotransform mismatch -- no co-located terrain model,4.422938524830713e+59,0.0,4.422938524830713e+59,0.0
O2021_82_20_1_0024_00005078_2000_6000.tif,82-20,DSM/DTM geotransform mismatch -- no co-located terrain model,4.422938524830713e+59,0.0,4.422938524830713e+59,0.0
O2021_82_16_1_0024_00004782_10cm_6000_1000.tif,82-16,DSM/DTM geotransform mismatch -- no co-located terrain model,398.5021957279533,0.0,398.5021957279533,0.0
O2021_82_20_1_0024_00005078_3000_7000.tif,82-20,DSM/DTM geotransform mismatch -- no co-located terrain model,4.422938524830713e+59,0.0,4.422938524830713e+59,0.0
O2021_82_20_1_0024_00005079_13000_11000.tif,82-20,DSM/DTM geotransform mismatch -- no co-located terrain model,4.422938524830713e+59,0.0,4.422938524830713e+59,0.0
O2021_82_11_1_0023_00003031_4000_2000.tif,82-11,DSM/DTM geotransform mismatch -- no co-located terrain model,401.529575498493,0.0,401.529575498493,0.0
O2021_82_20_1_0024_00005079_2000_8000.tif,82-20,DSM/DTM geotransform mismatch -- no co-located terrain model,4.422938524830713e+59,0.0,4.422938524830713e+59,0.0
O2021_82_20_1_0024_00005079_8000_10000.tif,82-20,DSM/DTM geotransform mismatch -- no co-located terrain model,4.422938524830713e+59,0.0,4.422938524830713e+59,0.0
O2021_82_21_1_0005_00001869_11000_1000.tif,82-21,DSM/DTM geotransform mismatch -- no co-located terrain model,4.422938524830713e+59,0.0,4.422938524830713e+59,0.0
O2021_82_20_1_0024_00005077_1000_0.tif,82-20,DSM/DTM geotransform mismatch -- no co-located terrain model,4.422938524830713e+59,0.0,4.422938524830713e+59,0.0
O2021_82_20_1_0024_00005080_10000_11000.tif,82-20,DSM/DTM geotransform mismatch -- no co-located terrain model,4.422938524830713e+59,0.0,4.422938524830713e+59,0.0
O2021_83_25_1_0016_00002735_5000_2000.tif,83-25,DSM/DTM geotransform mismatch -- no co-located terrain model,684.5027392202313,0.0,684.5027392202313,0.0
O2021_82_20_1_0024_00005079_1000_6000.tif,82-20,DSM/DTM geotransform mismatch -- no co-located terrain model,4.422938524830713e+59,0.0,4.422938524830713e+59,0.0
O2021_82_20_1_0024_00005079_0_10000.tif,82-20,DSM/DTM geotransform mismatch -- no co-located terrain model,4.422938524830713e+59,0.0,4.422938524830713e+59,0.0
O2021_82_20_1_0024_00005079_10000_3000.tif,82-20,DSM/DTM geotransform mismatch -- no co-located terrain model,4.422938524830713e+59,0.0,4.422938524830713e+59,0.0
O2021_82_20_1_0024_00005079_12000_11000.tif,82-20,DSM/DTM geotransform mismatch -- no co-located terrain model,4.422938524830713e+59,0.0,4.422938524830713e+59,0.0
O2021_83_25_1_0027_00001532_2000_1000.tif,83-25,DSM/DTM geotransform mismatch -- no co-located terrain model,670.820393249937,0.0,670.820393249937,0.0
O2021_82_20_1_0024_00005079_3000_4000.tif,82-20,DSM/DTM geotransform mismatch -- no co-located terrain model,4.422938524830713e+59,0.0,4.422938524830713e+59,0.0
O2021_82_20_1_0024_00005078_1000_5000.tif,82-20,DSM/DTM geotransform mismatch -- no co-located terrain model,4.422938524830713e+59,0.0,4.422938524830713e+59,0.0
O2021_82_24_1_0023_00001728_10cm_6000_0.tif,82-24,DSM/DTM geotransform mismatch -- no co-located terrain model,4334.090446679672,0.0,4334.090446679672,0.0
O2021_82_20_1_0024_00005080_11000_11000.tif,82-20,DSM/DTM geotransform mismatch -- no co-located terrain model,4.422938524830713e+59,0.0,4.422938524830713e+59,0.0
O2021_82_16_1_0026_00005227_10cm_3000_1000.tif,82-16,DSM/DTM geotransform mismatch -- no co-located terrain model,536.0643618074233,0.0,536.0643618074233,0.0
O2021_82_20_1_0024_00005079_9000_10000.tif,82-20,DSM/DTM geotransform mismatch -- no co-located terrain model,4.422938524830713e+59,0.0,4.422938524830713e+59,0.0
O2021_82_21_1_0005_00001869_6000_0.tif,82-21,DSM/DTM geotransform mismatch -- no co-located terrain model,4.422938524830713e+59,0.0,4.422938524830713e+59,0.0
O2021_82_13_1_0026_00144908_5000_4000.tif,82-13,DSM/DTM geotransform mismatch -- no co-located terrain model,531.2720583655798,531.2720583655798,0.0,0.0
O2021_82_20_1_0024_00005077_12000_3000.tif,82-20,DSM/DTM geotransform mismatch -- no co-located terrain model,4.422938524830713e+59,0.0,4.422938524830713e+59,0.0
O2021_83_26_1_0014_00001455_4000_3000.tif,83-26,DSM/DTM geotransform mismatch -- no co-located terrain model,1170.6493924313975,0.0,1170.6493924313975,0.0
O2021_82_21_1_0005_00001869_9000_0.tif,82-21,DSM/DTM geotransform mismatch -- no co-located terrain model,4.422938524830713e+59,0.0,4.422938524830713e+59,0.0
O2021_82_20_1_0024_00005077_5000_3000.tif,82-20,DSM/DTM geotransform mismatch -- no co-located terrain model,4.422938524830713e+59,0.0,4.422938524830713e+59,0.0
O2021_82_21_1_0005_00001869_10000_0.tif,82-21,DSM/DTM geotransform mismatch -- no co-located terrain model,4.422938524830713e+59,0.0,4.422938524830713e+59,0.0
O2021_82_20_1_0024_00005080_9000_10000.tif,82-20,DSM/DTM geotransform mismatch -- no co-located terrain model,4.422938524830713e+59,0.0,4.422938524830713e+59,0.0
O2021_82_22_1_0030_00000257_1000_2000.tif,82-22,DSM/DTM geotransform mismatch -- no co-located terrain model,728.0109889280518,728.0109889280518,0.0,0.0
O2021_82_19_1_0024_00005009_5000_6000.tif,82-19,DSM/DTM geotransform mismatch -- no co-located terrain model,338.1360672865289,0.0,338.1360672865289,0.0
O2021_83_25_1_0026_00001212_9000_2000.tif,83-25,DSM/DTM geotransform mismatch -- no co-located terrain model,670.0,0.0,670.0,0.0
O2021_82_22_1_0031_00000389_2000_5000.tif,82-22,DSM/DTM geotransform mismatch -- no co-located terrain model,323.908937820493,323.908937820493,0.0,0.0
O2021_82_20_1_0024_00005079_2000_5000.tif,82-20,DSM/DTM geotransform mismatch -- no co-located terrain model,4.422938524830713e+59,0.0,4.422938524830713e+59,0.0
O2021_82_22_1_0031_00000391_1000_1000.tif,82-22,DSM/DTM geotransform mismatch -- no co-located terrain model,728.0109889280518,0.0,728.0109889280518,0.0
O2021_82_20_1_0024_00005078_0_7000.tif,82-20,DSM/DTM geotransform mismatch -- no co-located terrain model,4.422938524830713e+59,0.0,4.422938524830713e+59,0.0
O2021_83_26_1_0014_00001454_6000_2000.tif,83-26,DSM/DTM geotransform mismatch -- no co-located terrain model,307.6166445431716,0.0,307.6166445431716,0.0
O2021_82_22_1_0032_00000904_5000_0.tif,82-22,DSM/DTM geotransform mismatch -- no co-located terrain model,206.196508214858,0.0,206.196508214858,0.0
O2021_82_20_1_0024_00005078_5000_3000.tif,82-20,DSM/DTM geotransform mismatch -- no co-located terrain model,4.422938524830713e+59,0.0,4.422938524830713e+59,0.0
O2021_82_21_1_0005_00001869_4000_2000.tif,82-21,DSM/DTM geotransform mismatch -- no co-located terrain model,4.422938524830713e+59,0.0,4.422938524830713e+59,0.0
O2021_82_20_1_0024_00005078_10000_2000.tif,82-20,DSM/DTM geotransform mismatch -- no co-located terrain model,4.422938524830713e+59,0.0,4.422938524830713e+59,0.0
O2021_82_21_1_0005_00001869_0_2000.tif,82-21,DSM/DTM geotransform mismatch -- no co-located terrain model,4.422938524830713e+59,0.0,4.422938524830713e+59,0.0
O2021_82_11_1_0025_00003599_1000_4000.tif,82-11,DSM/DTM geotransform mismatch -- no co-located terrain model,1727.0002895193736,1727.0002895193736,0.0,0.0
O2021_82_22_1_0032_00000907_7000_1000.tif,82-22,DSM/DTM geotransform mismatch -- no co-located terrain model,205.22183119736556,0.0,205.22183119736556,0.0
O2021_82_20_1_0024_00005079_9000_3000.tif,82-20,DSM/DTM geotransform mismatch -- no co-located terrain model,4.422938524830713e+59,0.0,4.422938524830713e+59,0.0
O2021_82_21_1_0004_00002039_12000_0.tif,82-21,DSM/DTM geotransform mismatch -- no co-located terrain model,4.422938524830713e+59,0.0,4.422938524830713e+59,0.0
O2021_82_20_1_0024_00005078_11000_3000.tif,82-20,DSM/DTM geotransform mismatch -- no co-located terrain model,4.422938524830713e+59,0.0,4.422938524830713e+59,0.0
O2021_82_13_1_0025_00144226_6000_1000.tif,82-13,DSM/DTM geotransform mismatch -- no co-located terrain model,377.58442764499705,0.0,377.58442764499705,0.0
O2021_82_16_1_0028_00005676_10cm_0_4000.tif,82-16,DSM/DTM geotransform mismatch -- no co-located terrain model,715.5976523158806,715.5976523158806,0.0,0.0
O2021_82_20_1_0024_00005080_7000_9000.tif,82-20,DSM/DTM geotransform mismatch -- no co-located terrain model,4.422938524830713e+59,0.0,4.422938524830713e+59,0.0
O2021_82_20_1_0024_00005078_4000_2000.tif,82-20,DSM/DTM geotransform mismatch -- no co-located terrain model,4.422938524830713e+59,0.0,4.422938524830713e+59,0.0
O2021_82_20_1_0024_00005080_8000_9000.tif,82-20,DSM/DTM geotransform mismatch -- no co-located terrain model,4.422938524830713e+59,0.0,4.422938524830713e+59,0.0
O2021_82_11_1_0027_00002535_5000_0.tif,82-11,DSM/DTM geotransform mismatch -- no co-located terrain model,646.578688173373,0.0,646.578688173373,0.0
O2021_82_11_1_0026_00002617_6000_1000.tif,82-11,DSM/DTM geotransform mismatch -- no co-located terrain model,488.28884894087025,0.0,488.28884894087025,0.0
O2021_82_20_1_0024_00005079_0_6000.tif,82-20,DSM/DTM geotransform mismatch -- no co-located terrain model,4.422938524830713e+59,0.0,4.422938524830713e+59,0.0
O2021_82_21_1_0004_00002039_15000_3000.tif,82-21,DSM/DTM geotransform mismatch -- no co-located terrain model,4.422938524830713e+59,0.0,4.422938524830713e+59,0.0
O2021_82_24_1_0023_00001727_10cm_2000_1000.tif,82-24,DSM/DTM geotransform mismatch -- no co-located terrain model,540.3008421240893,0.0,540.3008421240893,0.0
O2021_82_21_1_0005_00001869_8000_1000.tif,82-21,DSM/DTM geotransform mismatch -- no co-located terrain model,4.422938524830713e+59,0.0,4.422938524830713e+59,0.0
O2021_82_11_1_0023_00003032_9000_7000.tif,82-11,DSM/DTM geotransform mismatch -- no co-located terrain model,816.7110872273009,816.7110872273009,0.0,0.0
O2021_82_20_1_0024_00005078_13000_1000.tif,82-20,DSM/DTM geotransform mismatch -- no co-located terrain model,4.422938524830713e+59,0.0,4.422938524830713e+59,0.0
O2021_82_21_1_0005_00001869_7000_1000.tif,82-21,DSM/DTM geotransform mismatch -- no co-located terrain model,4.422938524830713e+59,0.0,4.422938524830713e+59,0.0
O2021_83_25_1_0015_00003912_7000_4000.tif,83-25,DSM/DTM geotransform mismatch -- no co-located terrain model,1342.2820120973088,0.0,1342.2820120973088,0.0
O2021_82_19_1_0023_00005476_9000_5000.tif,82-19,DSM/DTM geotransform mismatch -- no co-located terrain model,635.0212594866412,0.0,635.0212594866412,0.0
O2021_82_13_1_0024_00141755_4000_0.tif,82-13,DSM/DTM geotransform mismatch -- no co-located terrain model,226.89645215384044,0.0,226.89645215384044,0.0
O2021_82_11_1_0025_00003596_6000_1000.tif,82-11,DSM/DTM geotransform mismatch -- no co-located terrain model,318.9435686763412,318.9435686763412,0.0,0.0
O2021_82_20_1_0024_00005080_0_10000.tif,82-20,DSM/DTM geotransform mismatch -- no co-located terrain model,4.422938524830713e+59,0.0,4.422938524830713e+59,0.0
O2021_82_20_1_0024_00005078_8000_1000.tif,82-20,DSM/DTM geotransform mismatch -- no co-located terrain model,4.422938524830713e+59,0.0,4.422938524830713e+59,0.0
O2021_82_21_1_0004_00002039_14000_2000.tif,82-21,DSM/DTM geotransform mismatch -- no co-located terrain model,4.422938524830713e+59,0.0,4.422938524830713e+59,0.0
O2021_82_13_1_0024_00141805_8160_1000.tif,82-13,DSM/DTM geotransform mismatch -- no co-located terrain model,887.4345046255527,887.4345046255527,0.0,0.0
O2021_82_20_1_0024_00005078_7000_1000.tif,82-20,DSM/DTM geotransform mismatch -- no co-located terrain model,4.422938524830713e+59,0.0,4.422938524830713e+59,0.0
O2021_82_20_1_0024_00005079_1000_4000.tif,82-20,DSM/DTM geotransform mismatch -- no co-located terrain model,4.422938524830713e+59,0.0,4.422938524830713e+59,0.0
O2021_82_24_1_0021_00002048_2000_1000.tif,82-24,DSM/DTM geotransform mismatch -- no co-located terrain model,159.0125781188394,0.0,159.0125781188394,0.0
O2021_82_20_1_0024_00005079_12000_3000.tif,82-20,DSM/DTM geotransform mismatch -- no co-located terrain model,4.422938524830713e+59,0.0,4.422938524830713e+59,0.0
O2021_82_11_1_0023_00003029_8000_4000.tif,82-11,DSM/DTM geotransform mismatch -- no co-located terrain model,741.0026990504151,741.0026990504151,0.0,0.0
O2021_82_21_1_0004_00002039_5000_0.tif,82-21,DSM/DTM geotransform mismatch -- no co-located terrain model,4.422938524830713e+59,0.0,4.422938524830713e+59,0.0
O2021_82_20_1_0024_00005078_3000_5000.tif,82-20,DSM/DTM geotransform mismatch -- no co-located terrain model,4.422938524830713e+59,0.0,4.422938524830713e+59,0.0
O2021_82_20_1_0024_00005078_0_8000.tif,82-20,DSM/DTM geotransform mismatch -- no co-located terrain model,4.422938524830713e+59,0.0,4.422938524830713e+59,0.0
O2021_82_16_1_0025_00005218_10cm_1000_3000.tif,82-16,DSM/DTM geotransform mismatch -- no co-located terrain model,467.17020452935566,467.17020452935566,0.0,0.0
O2021_82_11_1_0026_00002617_3000_4000.tif,82-11,DSM/DTM geotransform mismatch -- no co-located terrain model,101.04454463255303,101.04454463255303,0.0,0.0
O2021_82_20_1_0024_00005078_2000_4000.tif,82-20,DSM/DTM geotransform mismatch -- no co-located terrain model,4.422938524830713e+59,0.0,4.422938524830713e+59,0.0
O2021_82_16_1_0029_00006117_10cm_0_1000.tif,82-16,DSM/DTM geotransform mismatch -- no co-located terrain model,802.2069558411969,802.2069558411969,0.0,0.0
O2021_83_25_1_0015_00003911_10000_2000.tif,83-25,DSM/DTM geotransform mismatch -- no co-located terrain model,141.4213562373095,0.0,141.4213562373095,0.0
O2021_82_20_1_0024_00005077_7000_3000.tif,82-20,DSM/DTM geotransform mismatch -- no co-located terrain model,4.422938524830713e+59,0.0,4.422938524830713e+59,0.0
O2021_82_20_1_0024_00005077_10000_3000.tif,82-20,DSM/DTM geotransform mismatch -- no co-located terrain model,4.422938524830713e+59,0.0,4.422938524830713e+59,0.0
O2021_82_21_1_0005_00001869_1000_0.tif,82-21,DSM/DTM geotransform mismatch -- no co-located terrain model,4.422938524830713e+59,0.0,4.422938524830713e+59,0.0
O2021_82_20_1_0024_00005077_8000_3000.tif,82-20,DSM/DTM geotransform mismatch -- no co-located terrain model,4.422938524830713e+59,0.0,4.422938524830713e+59,0.0
O2021_82_21_1_0005_00001869_10000_2000.tif,82-21,DSM/DTM geotransform mismatch -- no co-located terrain model,4.422938524830713e+59,0.0,4.422938524830713e+59,0.0
O2021_82_20_1_0024_00005078_0_5000.tif,82-20,DSM/DTM geotransform mismatch -- no co-located terrain model,4.422938524830713e+59,0.0,4.422938524830713e+59,0.0
O2021_82_20_1_0024_00005078_3000_8000.tif,82-20,DSM/DTM geotransform mismatch -- no co-located terrain model,4.422938524830713e+59,0.0,4.422938524830713e+59,0.0
O2021_82_21_1_0004_00002039_3000_2000.tif,82-21,DSM/DTM geotransform mismatch -- no co-located terrain model,4.422938524830713e+59,0.0,4.422938524830713e+59,0.0
O2021_82_20_1_0024_00005079_2000_7000.tif,82-20,DSM/DTM geotransform mismatch -- no co-located terrain model,4.422938524830713e+59,0.0,4.422938524830713e+59,0.0
O2021_82_21_1_0005_00001868_3000_6000.tif,82-21,DSM/DTM geotransform mismatch -- no co-located terrain model,500.0,0.0,500.0,0.0
O2021_82_22_1_0030_00000260_3000_3000.tif,82-22,DSM/DTM geotransform mismatch -- no co-located terrain model,203.8062805705457,203.8062805705457,0.0,0.0
O2021_82_20_1_0024_00005077_5000_1000.tif,82-20,DSM/DTM geotransform mismatch -- no co-located terrain model,4.422938524830713e+59,0.0,4.422938524830713e+59,0.0
O2021_82_20_1_0024_00005077_12000_1000.tif,82-20,DSM/DTM geotransform mismatch -- no co-located terrain model,4.422938524830713e+59,0.0,4.422938524830713e+59,0.0
O2021_82_20_1_0024_00005079_1000_9000.tif,82-20,DSM/DTM geotransform mismatch -- no co-located terrain model,4.422938524830713e+59,0.0,4.422938524830713e+59,0.0
O2021_82_11_1_0024_00002866_6000_4000.tif,82-11,DSM/DTM geotransform mismatch -- no co-located terrain model,1067.94475512547,0.0,1067.94475512547,0.0
O2021_83_25_1_0027_00001535_1000_0.tif,83-25,DSM/DTM geotransform mismatch -- no co-located terrain model,670.820393249937,0.0,670.820393249937,0.0
O2021_82_20_1_0024_00005078_1000_7000.tif,82-20,DSM/DTM geotransform mismatch -- no co-located terrain model,4.422938524830713e+59,1565.2475842498527,4.422938524830713e+59,0.0
O2021_82_20_1_0024_00005079_3000_6000.tif,82-20,DSM/DTM geotransform mismatch -- no co-located terrain model,4.422938524830713e+59,0.0,4.422938524830713e+59,0.0
O2021_82_20_1_0024_00005077_9000_0.tif,82-20,DSM/DTM geotransform mismatch -- no co-located terrain model,4.422938524830713e+59,0.0,4.422938524830713e+59,0.0
O2021_82_20_1_0024_00005077_10000_0.tif,82-20,DSM/DTM geotransform mismatch -- no co-located terrain model,4.422938524830713e+59,0.0,4.422938524830713e+59,0.0
O2021_82_20_1_0024_00005077_6000_0.tif,82-20,DSM/DTM geotransform mismatch -- no co-located terrain model,4.422938524830713e+59,0.0,4.422938524830713e+59,0.0
O2021_82_20_1_0024_00005077_3000_1000.tif,82-20,DSM/DTM geotransform mismatch -- no co-located terrain model,4.422938524830713e+59,0.0,4.422938524830713e+59,0.0
O2021_82_20_1_0024_00005078_6000_6000.tif,82-20,DSM/DTM geotransform mismatch -- no co-located terrain model,4.422938524830713e+59,0.0,4.422938524830713e+59,0.0
O2021_82_20_1_0024_00005079_8000_9000.tif,82-20,DSM/DTM geotransform mismatch -- no co-located terrain model,4.422938524830713e+59,0.0,4.422938524830713e+59,0.0
O2021_82_20_1_0024_00005078_9000_6000.tif,82-20,DSM/DTM geotransform mismatch -- no co-located terrain model,4.422938524830713e+59,0.0,4.422938524830713e+59,0.0
O2021_82_20_1_0024_00005079_7000_9000.tif,82-20,DSM/DTM geotransform mismatch -- no co-located terrain model,4.422938524830713e+59,0.0,4.422938524830713e+59,0.0
O2021_82_20_1_0024_00005079_5000_10000.tif,82-20,DSM/DTM geotransform mismatch -- no co-located terrain model,4.422938524830713e+59,0.0,4.422938524830713e+59,0.0
O2021_82_22_1_0031_00000386_0_4000.tif,82-22,DSM/DTM geotransform mismatch -- no co-located terrain model,728.0109889280518,728.0109889280518,0.0,0.0
O2021_82_21_1_0004_00002039_5000_2000.tif,82-21,DSM/DTM geotransform mismatch -- no co-located terrain model,4.422938524830713e+59,0.0,4.422938524830713e+59,0.0
O2021_82_19_1_0024_00005010_2000_1000.tif,82-19,DSM/DTM geotransform mismatch -- no co-located terrain model,728.0109889280518,0.0,728.0109889280518,0.0
O2021_82_20_1_0024_00005078_5000_8000.tif,82-20,DSM/DTM geotransform mismatch -- no co-located terrain model,4.422938524830713e+59,0.0,4.422938524830713e+59,0.0
O2021_82_22_1_0031_00000391_8000_3000.tif,82-22,DSM/DTM geotransform mismatch -- no co-located terrain model,404.7381869801761,0.0,404.7381869801761,0.0
O2021_82_11_1_0026_00002619_1000_1000.tif,82-11,DSM/DTM geotransform mismatch -- no co-located terrain model,458.04912400309206,458.04912400309206,0.0,0.0
O2021_82_20_1_0024_00005079_4000_7000.tif,82-20,DSM/DTM geotransform mismatch -- no co-located terrain model,4.422938524830713e+59,0.0,4.422938524830713e+59,0.0
O2021_82_20_1_0024_00005078_13000_7000.tif,82-20,DSM/DTM geotransform mismatch -- no co-located terrain model,4.422938524830713e+59,0.0,4.422938524830713e+59,0.0
O2021_82_20_1_0024_00005080_5000_10000.tif,82-20,DSM/DTM geotransform mismatch -- no co-located terrain model,4.422938524830713e+59,0.0,4.422938524830713e+59,0.0
O2021_83_25_1_0016_00002732_3000_6000.tif,83-25,DSM/DTM geotransform mismatch -- no co-located terrain model,354.13274347340433,0.0,354.13274347340433,0.0
O2021_82_20_1_0024_00005078_12000_6000.tif,82-20,DSM/DTM geotransform mismatch -- no co-located terrain model,4.422938524830713e+59,0.0,4.422938524830713e+59,0.0
O2021_82_20_1_0024_00005079_5000_6000.tif,82-20,DSM/DTM geotransform mismatch -- no co-located terrain model,4.422938524830713e+59,0.0,4.422938524830713e+59,0.0
O2021_83_31_1_0041_00093609_0_4000.tif,83-31,DSM/DTM geotransform mismatch -- no co-located terrain model,724.0338389882064,0.0,724.0338389882064,0.0
O2021_82_21_1_0004_00002039_4000_3000.tif,82-21,DSM/DTM geotransform mismatch -- no co-located terrain model,4.422938524830713e+59,0.0,4.422938524830713e+59,0.0
O2021_82_11_1_0024_00002868_7000_2000.tif,82-11,DSM/DTM geotransform mismatch -- no co-located terrain model,784.1683492720169,0.0,784.1683492720169,0.0
O2021_82_11_1_0026_00002618_2000_0.tif,82-11,DSM/DTM geotransform mismatch -- no co-located terrain model,454.0704791108975,454.0704791108975,0.0,0.0
O2023_84_41_1_0114_00141417_4000_3000.tif,84-41,DSM/DTM geotransform mismatch -- no co-located terrain model,749.4191083766145,749.4191083766145,0.0,0.0
O2021_82_20_1_0024_00005079_6000_8000.tif,82-20,DSM/DTM geotransform mismatch -- no co-located terrain model,4.422938524830713e+59,0.0,4.422938524830713e+59,0.0
O2021_82_20_1_0024_00005078_11000_8000.tif,82-20,DSM/DTM geotransform mismatch -- no co-located terrain model,4.422938524830713e+59,0.0,4.422938524830713e+59,0.0
O2021_82_20_1_0024_00005078_8000_7000.tif,82-20,DSM/DTM geotransform mismatch -- no co-located terrain model,4.422938524830713e+59,0.0,4.422938524830713e+59,0.0
O2021_83_26_1_0013_00001589_7000_3000.tif,83-26,DSM/DTM geotransform mismatch -- no co-located terrain model,402.7430942921306,0.0,402.7430942921306,0.0
O2021_82_20_1_0024_00005079_9000_8000.tif,82-20,DSM/DTM geotransform mismatch -- no co-located terrain model,4.422938524830713e+59,0.0,4.422938524830713e+59,0.0
O2021_82_20_1_0024_00005078_7000_7000.tif,82-20,DSM/DTM geotransform mismatch -- no co-located terrain model,4.422938524830713e+59,0.0,4.422938524830713e+59,0.0
O2021_82_11_1_0024_00002868_10000_3000.tif,82-11,DSM/DTM geotransform mismatch -- no co-located terrain model,583.09518948453,583.09518948453,0.0,0.0
O2021_82_13_1_0025_00144235_1000_0.tif,82-13,DSM/DTM geotransform mismatch -- no co-located terrain model,728.0109889280518,0.0,728.0109889280518,0.0
O2021_82_21_1_0004_00002039_3000_0.tif,82-21,DSM/DTM geotransform mismatch -- no co-located terrain model,4.422938524830713e+59,0.0,4.422938524830713e+59,0.0
O2021_82_20_1_0024_00005078_5000_5000.tif,82-20,DSM/DTM geotransform mismatch -- no co-located terrain model,4.422938524830713e+59,0.0,4.422938524830713e+59,0.0
O2021_82_11_1_0025_00003597_6000_4000.tif,82-11,DSM/DTM geotransform mismatch -- no co-located terrain model,699.8949921238185,0.0,699.8949921238185,0.0
O2021_82_20_1_0024_00005080_4000_10000.tif,82-20,DSM/DTM geotransform mismatch -- no co-located terrain model,4.422938524830713e+59,0.0,4.422938524830713e+59,0.0
O2021_82_22_1_0031_00000386_2000_3000.tif,82-22,DSM/DTM geotransform mismatch -- no co-located terrain model,406.09974144291203,0.0,406.09974144291203,0.0
O2021_83_26_1_0014_00001461_4000_3000.tif,83-26,DSM/DTM geotransform mismatch -- no co-located terrain model,674.923699391272,0.0,674.923699391272,0.0
O2021_82_20_1_0024_00005079_7000_4000.tif,82-20,DSM/DTM geotransform mismatch -- no co-located terrain model,4.422938524830713e+59,0.0,4.422938524830713e+59,0.0
O2021_82_20_1_0024_00005078_10000_4000.tif,82-20,DSM/DTM geotransform mismatch -- no co-located terrain model,4.422938524830713e+59,0.0,4.422938524830713e+59,0.0
O2021_82_20_1_0024_00005079_8000_4000.tif,82-20,DSM/DTM geotransform mismatch -- no co-located terrain model,4.422938524830713e+59,738.3935265155025,4.422938524830713e+59,0.0
O2021_82_20_1_0024_00005079_9000_5000.tif,82-20,DSM/DTM geotransform mismatch -- no co-located terrain model,4.422938524830713e+59,0.0,4.422938524830713e+59,0.0
O2021_83_31_1_0043_00091125_8000_6000.tif,83-31,DSM/DTM geotransform mismatch -- no co-located terrain model,52883.10098698827,0.0,52883.10098698827,0.0
O2021_82_20_1_0024_00005078_11000_5000.tif,82-20,DSM/DTM geotransform mismatch -- no co-located terrain model,4.422938524830713e+59,0.0,4.422938524830713e+59,0.0
O2021_82_20_1_0024_00005079_6000_5000.tif,82-20,DSM/DTM geotransform mismatch -- no co-located terrain model,4.422938524830713e+59,0.0,4.422938524830713e+59,0.0
O2021_82_22_1_0032_00000911_0_2000.tif,82-22,DSM/DTM geotransform mismatch -- no co-located terrain model,728.0109889280518,0.0,728.0109889280518,0.0
O2021_82_20_1_0024_00005077_1000_3000.tif,82-20,DSM/DTM geotransform mismatch -- no co-located terrain model,4.422938524830713e+59,0.0,4.422938524830713e+59,0.0
O2021_82_21_1_0005_00001869_11000_0.tif,82-21,DSM/DTM geotransform mismatch -- no co-located terrain model,4.422938524830713e+59,721.1102550927978,4.422938524830713e+59,0.0
O2021_82_20_1_0024_00005078_4000_4000.tif,82-20,DSM/DTM geotransform mismatch -- no co-located terrain model,4.422938524830713e+59,0.0,4.422938524830713e+59,0.0
O2021_82_21_1_0005_00001869_8000_0.tif,82-21,DSM/DTM geotransform mismatch -- no co-located terrain model,4.422938524830713e+59,0.0,4.422938524830713e+59,0.0
O2021_82_21_1_0005_00001868_8000_4000.tif,82-21,DSM/DTM geotransform mismatch -- no co-located terrain model,345.94363702776786,345.94363702776786,0.0,0.0
O2021_82_20_1_0023_00004975_9000_4000.tif,82-20,DSM/DTM geotransform mismatch -- no co-located terrain model,856.4403073186128,0.0,856.4403073186128,0.0
O2021_82_20_1_0024_00005079_4000_10000.tif,82-20,DSM/DTM geotransform mismatch -- no co-located terrain model,4.422938524830713e+59,0.0,4.422938524830713e+59,0.0
O2021_82_21_1_0005_00001869_7000_0.tif,82-21,DSM/DTM geotransform mismatch -- no co-located terrain model,4.422938524830713e+59,0.0,4.422938524830713e+59,0.0
O2021_82_11_1_0027_00002535_0_5000.tif,82-11,DSM/DTM geotransform mismatch -- no co-located terrain model,707.1067811865476,0.0,707.1067811865476,0.0
O2021_82_11_1_0026_00002614_10810_3000.tif,82-11,DSM/DTM geotransform mismatch -- no co-located terrain model,348.61009738675097,0.0,348.61009738675097,0.0
O2021_82_20_1_0024_00005079_11000_6000.tif,82-20,DSM/DTM geotransform mismatch -- no co-located terrain model,4.422938524830713e+59,0.0,4.422938524830713e+59,0.0
O2021_82_20_1_0024_00005080_0_9000.tif,82-20,DSM/DTM geotransform mismatch -- no co-located terrain model,4.422938524830713e+59,0.0,4.422938524830713e+59,0.0
O2021_82_20_1_0024_00005078_0_3000.tif,82-20,DSM/DTM geotransform mismatch -- no co-located terrain model,4.422938524830713e+59,0.0,4.422938524830713e+59,0.0
O2021_82_21_1_0005_00001869_1000_1000.tif,82-21,DSM/DTM geotransform mismatch -- no co-located terrain model,4.422938524830713e+59,0.0,4.422938524830713e+59,0.0
O2021_82_22_1_0031_00000386_7000_6000.tif,82-22,DSM/DTM geotransform mismatch -- no co-located terrain model,359.8847037594124,359.8847037594124,0.0,0.0
O2021_82_16_1_0025_00005219_10cm_5000_2000.tif,82-16,DSM/DTM geotransform mismatch -- no co-located terrain model,110.67971810589327,110.67971810589327,0.0,0.0
O2021_82_20_1_0024_00005080_6000_10000.tif,82-20,DSM/DTM geotransform mismatch -- no co-located terrain model,4.422938524830713e+59,0.0,4.422938524830713e+59,0.0
O2021_82_20_1_0024_00005079_12000_8000.tif,82-20,DSM/DTM geotransform mismatch -- no co-located terrain model,4.422938524830713e+59,0.0,4.422938524830713e+59,0.0
O2021_83_25_1_0016_00002734_4000_4000.tif,83-25,DSM/DTM geotransform mismatch -- no co-located terrain model,680.4447075258944,0.0,680.4447075258944,0.0
O2021_82_21_1_0004_00002039_13000_3000.tif,82-21,DSM/DTM geotransform mismatch -- no co-located terrain model,4.422938524830713e+59,0.0,4.422938524830713e+59,0.0
O2021_82_19_1_0023_00005474_10000_6000.tif,82-19,DSM/DTM geotransform mismatch -- no co-located terrain model,538.5164807134504,538.5164807134504,0.0,0.0
O2021_82_20_1_0024_00005080_13000_9000.tif,82-20,DSM/DTM geotransform mismatch -- no co-located terrain model,4.422938524830713e+59,0.0,4.422938524830713e+59,0.0
O2021_82_21_1_0004_00002039_12000_2000.tif,82-21,DSM/DTM geotransform mismatch -- no co-located terrain model,4.422938524830713e+59,0.0,4.422938524830713e+59,0.0
O2021_82_20_1_0023_00004975_16000_0.tif,82-20,DSM/DTM geotransform mismatch -- no co-located terrain model,1555.6349186104046,0.0,1555.6349186104046,0.0
O2021_82_20_1_0023_00004976_15000_0.tif,82-20,DSM/DTM geotransform mismatch -- no co-located terrain model,1555.6349186104046,1555.6349186104046,0.0,0.0
O2021_82_20_1_0024_00005079_6000_10000.tif,82-20,DSM/DTM geotransform mismatch -- no co-located terrain model,4.422938524830713e+59,0.0,4.422938524830713e+59,0.0
O2021_82_13_1_0025_00144218_2000_0.tif,82-13,DSM/DTM geotransform mismatch -- no co-located terrain model,407.0196555450363,407.0196555450363,0.0,0.0
O2021_82_20_1_0024_00005078_1000_1000.tif,82-20,DSM/DTM geotransform mismatch -- no co-located terrain model,4.422938524830713e+59,0.0,4.422938524830713e+59,0.0
O2021_82_20_1_0024_00005079_13000_9000.tif,82-20,DSM/DTM geotransform mismatch -- no co-located terrain model,4.422938524830713e+59,0.0,4.422938524830713e+59,0.0
O2021_82_13_1_0025_00144218_4000_3000.tif,82-13,DSM/DTM geotransform mismatch -- no co-located terrain model,308.0259729308553,0.0,308.0259729308553,0.0
O2021_82_16_1_0029_00006117_10cm_2000_1000.tif,82-16,DSM/DTM geotransform mismatch -- no co-located terrain model,540.6745786515212,0.0,540.6745786515212,0.0
O2021_82_21_1_0004_00002040_15000_0.tif,82-21,DSM/DTM geotransform mismatch -- no co-located terrain model,1555.6349186104046,1555.6349186104046,0.0,0.0
O2021_82_22_1_0030_00000260_5000_0.tif,82-22,DSM/DTM geotransform mismatch -- no co-located terrain model,203.8062805705457,0.0,203.8062805705457,0.0
O2021_82_20_1_0024_00005079_10000_7000.tif,82-20,DSM/DTM geotransform mismatch -- no co-located terrain model,4.422938524830713e+59,0.0,4.422938524830713e+59,0.0
O2021_82_21_1_0005_00001869_2000_2000.tif,82-21,DSM/DTM geotransform mismatch -- no co-located terrain model,4.422938524830713e+59,0.0,4.422938524830713e+59,0.0
O2021_82_11_1_0023_00003032_3000_4000.tif,82-11,DSM/DTM geotransform mismatch -- no co-located terrain model,648.0933574725173,648.0933574725173,0.0,0.0
O2021_82_20_1_0024_00005079_7000_10000.tif,82-20,DSM/DTM geotransform mismatch -- no co-located terrain model,4.422938524830713e+59,0.0,4.422938524830713e+59,0.0
O2021_82_20_1_0024_00005079_12000_5000.tif,82-20,DSM/DTM geotransform mismatch -- no co-located terrain model,4.422938524830713e+59,0.0,4.422938524830713e+59,0.0
O2021_82_22_1_0032_00000904_3000_0.tif,82-22,DSM/DTM geotransform mismatch -- no co-located terrain model,206.196508214858,206.196508214858,0.0,0.0
O2021_82_22_1_0029_00002080_7000_4000.tif,82-22,DSM/DTM geotransform mismatch -- no co-located terrain model,211.51832071950648,211.51832071950648,0.0,0.0
O2021_82_19_1_0024_00005011_5000_5000.tif,82-19,DSM/DTM geotransform mismatch -- no co-located terrain model,338.9985250705377,0.0,338.9985250705377,0.0
O2021_82_20_1_0024_00005078_3000_3000.tif,82-20,DSM/DTM geotransform mismatch -- no co-located terrain model,4.422938524830713e+59,0.0,4.422938524830713e+59,0.0
O2021_82_11_1_0027_00002539_1000_1000.tif,82-11,DSM/DTM geotransform mismatch -- no co-located terrain model,583.09518948453,0.0,583.09518948453,0.0
O2021_83_25_1_0027_00001533_3000_7000.tif,83-25,DSM/DTM geotransform mismatch -- no co-located terrain model,767.9355441702122,0.0,767.9355441702122,0.0
O2021_82_20_1_0024_00005078_2000_2000.tif,82-20,DSM/DTM geotransform mismatch -- no co-located terrain model,4.422938524830713e+59,0.0,4.422938524830713e+59,0.0
O2021_82_20_1_0024_00005080_1000_9000.tif,82-20,DSM/DTM geotransform mismatch -- no co-located terrain model,4.422938524830713e+59,0.0,4.422938524830713e+59,0.0
O2021_83_31_1_0040_00094626_1000_4000.tif,83-31,DSM/DTM geotransform mismatch -- no co-located terrain model,768.0026041622515,0.0,768.0026041622515,0.0
O2021_83_26_1_0013_00001596_3000_6000.tif,83-26,DSM/DTM geotransform mismatch -- no co-located terrain model,804.4899004959602,0.0,804.4899004959602,0.0
O2021_83_31_1_0042_00092138_2000_0.tif,83-31,DSM/DTM geotransform mismatch -- no co-located terrain model,684.2696836774226,0.0,684.2696836774226,0.0
O2021_82_11_1_0027_00002535_3000_4000.tif,82-11,DSM/DTM geotransform mismatch -- no co-located terrain model,646.2197768561405,646.2197768561405,0.0,0.0
O2021_82_20_1_0024_00005079_13000_4000.tif,82-20,DSM/DTM geotransform mismatch -- no co-located terrain model,4.422938524830713e+59,0.0,4.422938524830713e+59,0.0
O2021_82_21_1_0004_00002039_14000_0.tif,82-21,DSM/DTM geotransform mismatch -- no co-located terrain model,4.422938524830713e+59,0.0,4.422938524830713e+59,0.0
O2021_82_20_1_0024_00005080_7000_10000.tif,82-20,DSM/DTM geotransform mismatch -- no co-located terrain model,4.422938524830713e+59,0.0,4.422938524830713e+59,0.0
O2021_82_20_1_0024_00005078_7000_5000.tif,82-20,DSM/DTM geotransform mismatch -- no co-located terrain model,4.422938524830713e+59,0.0,4.422938524830713e+59,0.0
O2021_82_21_1_0004_00002039_4000_0.tif,82-21,DSM/DTM geotransform mismatch -- no co-located terrain model,4.422938524830713e+59,0.0,4.422938524830713e+59,0.0
O2021_82_20_1_0024_00005078_8000_5000.tif,82-20,DSM/DTM geotransform mismatch -- no co-located terrain model,4.422938524830713e+59,0.0,4.422938524830713e+59,0.0
O2021_82_20_1_0023_00004974_8000_4000.tif,82-20,DSM/DTM geotransform mismatch -- no co-located terrain model,1089.2350526860582,1089.2350526860582,0.0,0.0
O2021_82_20_1_0024_00005079_2000_10000.tif,82-20,DSM/DTM geotransform mismatch -- no co-located terrain model,4.422938524830713e+59,0.0,4.422938524830713e+59,0.0
O2021_82_20_1_0024_00005078_12000_4000.tif,82-20,DSM/DTM geotransform mismatch -- no co-located terrain model,4.422938524830713e+59,0.0,4.422938524830713e+59,0.0
O2021_82_20_1_0024_00005079_5000_4000.tif,82-20,DSM/DTM geotransform mismatch -- no co-located terrain model,4.422938524830713e+59,0.0,4.422938524830713e+59,0.0
O2021_82_13_1_0024_00141749_8000_6000.tif,82-13,DSM/DTM geotransform mismatch -- no co-located terrain model,1097.6930354156393,1097.6930354156393,0.0,0.0
O2021_83_31_1_0039_00123154_6000_3000.tif,83-31,DSM/DTM geotransform mismatch -- no co-located terrain model,518.9296676814691,0.0,518.9296676814691,0.0
O2021_82_20_1_0024_00005079_4000_5000.tif,82-20,DSM/DTM geotransform mismatch -- no co-located terrain model,4.422938524830713e+59,0.0,4.422938524830713e+59,0.0
O2021_82_20_1_0024_00005078_13000_5000.tif,82-20,DSM/DTM geotransform mismatch -- no co-located terrain model,4.422938524830713e+59,0.0,4.422938524830713e+59,0.0
O2021_82_20_1_0024_00005080_2000_10000.tif,82-20,DSM/DTM geotransform mismatch -- no co-located terrain model,4.422938524830713e+59,0.0,4.422938524830713e+59,0.0
O2021_82_19_1_0023_00005471_4000_5000.tif,82-19,DSM/DTM geotransform mismatch -- no co-located terrain model,896.3403371487864,896.3403371487864,0.0,0.0
O2021_82_13_1_0025_00144235_8000_2000.tif,82-13,DSM/DTM geotransform mismatch -- no co-located terrain model,870.2011261771614,0.0,870.2011261771614,0.0
O2021_82_20_1_0024_00005078_9000_4000.tif,82-20,DSM/DTM geotransform mismatch -- no co-located terrain model,4.422938524830713e+59,0.0,4.422938524830713e+59,0.0
O2021_82_21_1_0004_00002040_8000_0.tif,82-21,DSM/DTM geotransform mismatch -- no co-located terrain model,932.4462450994159,0.0,932.4462450994159,0.0
O2021_82_20_1_0024_00005078_6000_4000.tif,82-20,DSM/DTM geotransform mismatch -- no co-located terrain model,4.422938524830713e+59,0.0,4.422938524830713e+59,0.0
O2021_83_25_1_0027_00001534_5000_5000.tif,83-25,DSM/DTM geotransform mismatch -- no co-located terrain model,432.31470018957253,0.0,432.31470018957253,0.0
O2021_82_20_1_0024_00005077_3000_3000.tif,82-20,DSM/DTM geotransform mismatch -- no co-located terrain model,4.422938524830713e+59,0.0,4.422938524830713e+59,0.0
O2021_82_20_1_0024_00005079_5000_9000.tif,82-20,DSM/DTM geotransform mismatch -- no co-located terrain model,4.422938524830713e+59,0.0,4.422938524830713e+59,0.0
O2021_82_20_1_0024_00005080_3000_10000.tif,82-20,DSM/DTM geotransform mismatch -- no co-located terrain model,4.422938524830713e+59,0.0,4.422938524830713e+59,0.0
O2021_82_13_1_0026_00144938_1000_1000.tif,82-13,DSM/DTM geotransform mismatch -- no co-located terrain model,511.00391387933615,511.00391387933615,0.0,0.0
O2021_82_20_1_0024_00005078_4000_6000.tif,82-20,DSM/DTM geotransform mismatch -- no co-located terrain model,4.422938524830713e+59,0.0,4.422938524830713e+59,0.0
O2021_83_25_1_0026_00001209_9000_6000.tif,83-25,DSM/DTM geotransform mismatch -- no co-located terrain model,670.820393249937,670.820393249937,0.0,0.0
O2021_82_24_1_0024_00005672_10cm_7800_2000.tif,82-24,DSM/DTM geotransform mismatch -- no co-located terrain model,864.2407072106705,0.0,864.2407072106705,0.0
O2021_82_20_1_0024_00005077_1000_1000.tif,82-20,DSM/DTM geotransform mismatch -- no co-located terrain model,4.422938524830713e+59,0.0,4.422938524830713e+59,0.0
O2021_82_20_1_0024_00005078_11000_7000.tif,82-20,DSM/DTM geotransform mismatch -- no co-located terrain model,4.422938524830713e+59,0.0,4.422938524830713e+59,0.0
O2021_82_20_1_0024_00005078_8000_8000.tif,82-20,DSM/DTM geotransform mismatch -- no co-located terrain model,4.422938524830713e+59,0.0,4.422938524830713e+59,0.0
O2021_82_20_1_0024_00005079_6000_7000.tif,82-20,DSM/DTM geotransform mismatch -- no co-located terrain model,4.422938524830713e+59,0.0,4.422938524830713e+59,0.0
O2021_82_21_1_0004_00002039_8000_2000.tif,82-21,DSM/DTM geotransform mismatch -- no co-located terrain model,4.422938524830713e+59,0.0,4.422938524830713e+59,0.0
O2021_82_20_1_0024_00005078_7000_8000.tif,82-20,DSM/DTM geotransform mismatch -- no co-located terrain model,4.422938524830713e+59,0.0,4.422938524830713e+59,0.0
O2021_82_20_1_0024_00005079_9000_7000.tif,82-20,DSM/DTM geotransform mismatch -- no co-located terrain model,4.422938524830713e+59,0.0,4.422938524830713e+59,0.0
O2021_82_21_1_0004_00002039_7000_2000.tif,82-21,DSM/DTM geotransform mismatch -- no co-located terrain model,4.422938524830713e+59,0.0,4.422938524830713e+59,0.0
O2021_82_20_1_0024_00005079_8000_6000.tif,82-20,DSM/DTM geotransform mismatch -- no co-located terrain model,4.422938524830713e+59,0.0,4.422938524830713e+59,0.0
O2021_82_20_1_0024_00005077_7000_0.tif,82-20,DSM/DTM geotransform mismatch -- no co-located terrain model,4.422938524830713e+59,0.0,4.422938524830713e+59,0.0
O2021_82_21_1_0004_00002039_6000_3000.tif,82-21,DSM/DTM geotransform mismatch -- no co-located terrain model,4.422938524830713e+59,0.0,4.422938524830713e+59,0.0
O2021_82_20_1_0024_00005077_8000_0.tif,82-20,DSM/DTM geotransform mismatch -- no co-located terrain model,4.422938524830713e+59,0.0,4.422938524830713e+59,0.0
O2021_82_20_1_0024_00005077_11000_0.tif,82-20,DSM/DTM geotransform mismatch -- no co-located terrain model,4.422938524830713e+59,0.0,4.422938524830713e+59,0.0
O2021_82_20_1_0024_00005079_7000_6000.tif,82-20,DSM/DTM geotransform mismatch -- no co-located terrain model,4.422938524830713e+59,0.0,4.422938524830713e+59,0.0
O2021_82_20_1_0024_00005078_10000_6000.tif,82-20,DSM/DTM geotransform mismatch -- no co-located terrain model,4.422938524830713e+59,0.0,4.422938524830713e+59,0.0
O2021_82_21_1_0004_00002039_9000_3000.tif,82-21,DSM/DTM geotransform mismatch -- no co-located terrain model,4.422938524830713e+59,0.0,4.422938524830713e+59,0.0
O2021_82_20_1_0024_00005078_5000_7000.tif,82-20,DSM/DTM geotransform mismatch -- no co-located terrain model,4.422938524830713e+59,0.0,4.422938524830713e+59,0.0
O2021_82_11_1_0027_00002539_6000_4000.tif,82-11,DSM/DTM geotransform mismatch -- no co-located terrain model,2113.17131345284,0.0,2113.17131345284,0.0
O2021_82_20_1_0024_00005079_3000_10000.tif,82-20,DSM/DTM geotransform mismatch -- no co-located terrain model,4.422938524830713e+59,0.0,4.422938524830713e+59,0.0
O2021_82_20_1_0024_00005078_13000_8000.tif,82-20,DSM/DTM geotransform mismatch -- no co-located terrain model,4.422938524830713e+59,0.0,4.422938524830713e+59,0.0
O2021_82_20_1_0024_00005079_4000_8000.tif,82-20,DSM/DTM geotransform mismatch -- no co-located terrain model,4.422938524830713e+59,0.0,4.422938524830713e+59,0.0
O2021_82_20_1_0024_00005079_10000_5000.tif,82-20,DSM/DTM geotransform mismatch -- no co-located terrain model,4.422938524830713e+59,0.0,4.422938524830713e+59,0.0
O2021_83_25_1_0017_00002704_11000_0.tif,83-25,DSM/DTM geotransform mismatch -- no co-located terrain model,20.09975124224178,0.0,20.09975124224178,0.0
O2021_82_22_1_0029_00002078_5000_1000.tif,82-22,DSM/DTM geotransform mismatch -- no co-located terrain model,204.47493733951845,0.0,204.47493733951845,0.0
O2021_82_11_1_0027_00002537_5000_6000.tif,82-11,DSM/DTM geotransform mismatch -- no co-located terrain model,1256.3761379459577,0.0,1256.3761379459577,0.0
O2021_82_11_1_0025_00003594_2000_0.tif,82-11,DSM/DTM geotransform mismatch -- no co-located terrain model,260.34592372457075,0.0,260.34592372457075,0.0
O2021_82_19_1_0024_00005009_4000_1000.tif,82-19,DSM/DTM geotransform mismatch -- no co-located terrain model,809.8987591051118,809.8987591051118,0.0,0.0
O2021_82_20_1_0024_00005080_2000_8000.tif,82-20,DSM/DTM geotransform mismatch -- no co-located terrain model,4.422938524830713e+59,0.0,4.422938524830713e+59,0.0
O2021_82_20_1_0024_00005078_1000_3000.tif,82-20,DSM/DTM geotransform mismatch -- no co-located terrain model,4.422938524830713e+59,0.0,4.422938524830713e+59,0.0
O2021_83_31_1_0043_00091116_5000_4000.tif,83-31,DSM/DTM geotransform mismatch -- no co-located terrain model,120.65239326262865,0.0,120.65239326262865,0.0
O2021_82_20_1_0023_00004975_11000_7000.tif,82-20,DSM/DTM geotransform mismatch -- no co-located terrain model,860.2325267042627,0.0,860.2325267042627,0.0
O2021_83_25_1_0026_00001209_3000_3000.tif,83-25,DSM/DTM geotransform mismatch -- no co-located terrain model,670.820393249937,670.820393249937,0.0,0.0
O2021_82_20_1_0024_00005080_1000_10000.tif,82-20,DSM/DTM geotransform mismatch -- no co-located terrain model,4.422938524830713e+59,0.0,4.422938524830713e+59,0.0
O2021_82_22_1_0031_00000387_0_5000.tif,82-22,DSM/DTM geotransform mismatch -- no co-located terrain model,943.3981132056604,0.0,943.3981132056604,0.0
O2021_82_20_1_0024_00005079_1000_10000.tif,82-20,DSM/DTM geotransform mismatch -- no co-located terrain model,4.422938524830713e+59,0.0,4.422938524830713e+59,0.0
O2021_82_20_1_0024_00005080_3000_9000.tif,82-20,DSM/DTM geotransform mismatch -- no co-located terrain model,4.422938524830713e+59,0.0,4.422938524830713e+59,0.0
O2021_82_11_1_0024_00002866_0_5000.tif,82-11,DSM/DTM geotransform mismatch -- no co-located terrain model,707.1067811865476,707.1067811865476,0.0,0.0
O2021_82_20_1_0024_00005079_2000_3000.tif,82-20,DSM/DTM geotransform mismatch -- no co-located terrain model,4.422938524830713e+59,0.0,4.422938524830713e+59,0.0
O2021_82_21_1_0004_00002039_13000_0.tif,82-21,DSM/DTM geotransform mismatch -- no co-located terrain model,4.422938524830713e+59,0.0,4.422938524830713e+59,0.0
O2021_82_20_1_0024_00005079_11000_4000.tif,82-20,DSM/DTM geotransform mismatch -- no co-located terrain model,4.422938524830713e+59,0.0,4.422938524830713e+59,0.0
O2021_82_20_1_0024_00005078_0_1000.tif,82-20,DSM/DTM geotransform mismatch -- no co-located terrain model,4.422938524830713e+59,0.0,4.422938524830713e+59,0.0
O2021_82_21_1_0005_00001869_3000_1000.tif,82-21,DSM/DTM geotransform mismatch -- no co-located terrain model,4.422938524830713e+59,0.0,4.422938524830713e+59,0.0
O2021_82_20_1_0024_00005079_13000_6000.tif,82-20,DSM/DTM geotransform mismatch -- no co-located terrain model,4.422938524830713e+59,0.0,4.422938524830713e+59,0.0
O2021_82_11_1_0026_00002615_7000_2000.tif,82-11,DSM/DTM geotransform mismatch -- no co-located terrain model,490.3162244919089,490.3162244919089,0.0,0.0
O2021_82_20_1_0024_00005080_11000_9000.tif,82-20,DSM/DTM geotransform mismatch -- no co-located terrain model,4.422938524830713e+59,0.0,4.422938524830713e+59,0.0
O2021_82_21_1_0004_00002039_11000_3000.tif,82-21,DSM/DTM geotransform mismatch -- no co-located terrain model,4.422938524830713e+59,0.0,4.422938524830713e+59,0.0
O2021_82_20_1_0024_00005079_10000_8000.tif,82-20,DSM/DTM geotransform mismatch -- no co-located terrain model,4.422938524830713e+59,0.0,4.422938524830713e+59,0.0
O2021_82_20_1_0024_00005079_11000_9000.tif,82-20,DSM/DTM geotransform mismatch -- no co-located terrain model,4.422938524830713e+59,0.0,4.422938524830713e+59,0.0
O2021_82_20_1_0024_00005078_3000_1000.tif,82-20,DSM/DTM geotransform mismatch -- no co-located terrain model,4.422938524830713e+59,0.0,4.422938524830713e+59,0.0
O2021_82_11_1_0027_00002539_0_5000.tif,82-11,DSM/DTM geotransform mismatch -- no co-located terrain model,707.1067811865476,707.1067811865476,0.0,0.0
O2021_82_21_1_0004_00002039_10000_2000.tif,82-21,DSM/DTM geotransform mismatch -- no co-located terrain model,4.422938524830713e+59,0.0,4.422938524830713e+59,0.0
O2021_83_26_1_0013_00001594_2000_0.tif,83-26,DSM/DTM geotransform mismatch -- no co-located terrain model,670.820393249937,0.0,670.820393249937,0.0
O2021_82_20_1_0024_00005079_12000_7000.tif,82-20,DSM/DTM geotransform mismatch -- no co-located terrain model,4.422938524830713e+59,0.0,4.422938524830713e+59,0.0
O2021_82_24_1_0024_00005686_10cm_0_0.tif,82-24,DSM/DTM geotransform mismatch -- no co-located terrain model,293.43653487594213,0.0,293.43653487594213,0.0
O2021_83_26_1_0013_00001591_4000_0.tif,83-26,DSM/DTM geotransform mismatch -- no co-located terrain model,441.47480109288233,0.0,441.47480109288233,0.0
O2021_82_24_1_0021_00002045_2000_1000.tif,82-24,DSM/DTM geotransform mismatch -- no co-located terrain model,182.8332573685652,0.0,182.8332573685652,0.0
O2021_82_20_1_0023_00004976_9000_3000.tif,82-20,DSM/DTM geotransform mismatch -- no co-located terrain model,4.422938524830713e+59,0.0,4.422938524830713e+59,0.0
O2021_82_22_1_0030_00000259_5000_1000.tif,82-22,DSM/DTM geotransform mismatch -- no co-located terrain model,208.3698634639856,208.3698634639856,0.0,0.0
O2021_83_25_1_0017_00002700_0_4000.tif,83-25,DSM/DTM geotransform mismatch -- no co-located terrain model,953.2030213968061,0.0,953.2030213968061,0.0
O2021_82_16_1_0026_00005230_10cm_1000_3000.tif,82-16,DSM/DTM geotransform mismatch -- no co-located terrain model,1087.3398732687035,0.0,1087.3398732687035,0.0
O2021_82_22_1_0030_00000258_8000_3000.tif,82-22,DSM/DTM geotransform mismatch -- no co-located terrain model,203.2732151563506,0.0,203.2732151563506,0.0
O2021_82_20_1_0024_00005078_3000_2000.tif,82-20,DSM/DTM geotransform mismatch -- no co-located terrain model,4.422938524830713e+59,0.0,4.422938524830713e+59,0.0
O2021_82_20_1_0024_00005079_1000_3000.tif,82-20,DSM/DTM geotransform mismatch -- no co-located terrain model,4.422938524830713e+59,0.0,4.422938524830713e+59,0.0
O2021_82_11_1_0023_00003032_5000_0.tif,82-11,DSM/DTM geotransform mismatch -- no co-located terrain model,1309.046217671477,0.0,1309.046217671477,0.0
O2021_82_21_1_0004_00002039_10000_0.tif,82-21,DSM/DTM geotransform mismatch -- no co-located terrain model,4.422938524830713e+59,0.0,4.422938524830713e+59,0.0
O2021_82_20_1_0024_00005079_12000_4000.tif,82-20,DSM/DTM geotransform mismatch -- no co-located terrain model,4.422938524830713e+59,0.0,4.422938524830713e+59,0.0
O2021_82_20_1_0024_00005079_7000_11000.tif,82-20,DSM/DTM geotransform mismatch -- no co-located terrain model,4.422938524830713e+59,0.0,4.422938524830713e+59,0.0
O2021_82_20_1_0024_00005079_13000_5000.tif,82-20,DSM/DTM geotransform mismatch -- no co-located terrain model,4.422938524830713e+59,0.0,4.422938524830713e+59,0.0
O2021_83_26_1_0013_00001596_9980_2000.tif,83-26,DSM/DTM geotransform mismatch -- no co-located terrain model,674.4835060992967,0.0,674.4835060992967,0.0
O2021_82_13_1_0025_00144247_1000_1000.tif,82-13,DSM/DTM geotransform mismatch -- no co-located terrain model,728.0109889280518,728.0109889280518,0.0,0.0
O2021_82_20_1_0024_00005080_7000_11000.tif,82-20,DSM/DTM geotransform mismatch -- no co-located terrain model,4.422938524830713e+59,0.0,4.422938524830713e+59,0.0
O2021_82_21_1_0005_00001869_3000_2000.tif,82-21,DSM/DTM geotransform mismatch -- no co-located terrain model,4.422938524830713e+59,0.0,4.422938524830713e+59,0.0
O2021_82_20_1_0024_00005080_1000_8000.tif,82-20,DSM/DTM geotransform mismatch -- no co-located terrain model,4.422938524830713e+59,0.0,4.422938524830713e+59,0.0
O2021_82_20_1_0024_00005078_2000_3000.tif,82-20,DSM/DTM geotransform mismatch -- no co-located terrain model,4.422938524830713e+59,0.0,4.422938524830713e+59,0.0
O2021_82_20_1_0024_00005079_12000_9000.tif,82-20,DSM/DTM geotransform mismatch -- no co-located terrain model,4.422938524830713e+59,0.0,4.422938524830713e+59,0.0
O2021_82_20_1_0024_00005080_6000_11000.tif,82-20,DSM/DTM geotransform mismatch -- no co-located terrain model,4.422938524830713e+59,0.0,4.422938524830713e+59,0.0
O2021_82_16_1_0024_00004783_10cm_7000_0.tif,82-16,DSM/DTM geotransform mismatch -- no co-located terrain model,469.4603284623739,469.4603284623739,0.0,0.0
O2021_82_21_1_0004_00002039_13000_2000.tif,82-21,DSM/DTM geotransform mismatch -- no co-located terrain model,4.422938524830713e+59,0.0,4.422938524830713e+59,0.0
O2021_82_13_1_0025_00144241_3000_6000.tif,82-13,DSM/DTM geotransform mismatch -- no co-located terrain model,241.05808428675442,241.05808428675442,0.0,0.0
O2021_82_20_1_0024_00005079_11000_7000.tif,82-20,DSM/DTM geotransform mismatch -- no co-located terrain model,4.422938524830713e+59,0.0,4.422938524830713e+59,0.0
O2021_82_20_1_0024_00005078_0_2000.tif,82-20,DSM/DTM geotransform mismatch -- no co-located terrain model,4.422938524830713e+59,0.0,4.422938524830713e+59,0.0
O2021_82_20_1_0024_00005080_0_8000.tif,82-20,DSM/DTM geotransform mismatch -- no co-located terrain model,4.422938524830713e+59,0.0,4.422938524830713e+59,0.0
O2021_82_22_1_0030_00000261_1000_5000.tif,82-22,DSM/DTM geotransform mismatch -- no co-located terrain model,662.2907216623225,662.2907216623225,0.0,0.0
O2021_83_31_1_0043_00091110_5000_2000.tif,83-31,DSM/DTM geotransform mismatch -- no co-located terrain model,409.0,0.0,409.0,0.0
O2021_82_19_1_0023_00005473_6000_2000.tif,82-19,DSM/DTM geotransform mismatch -- no co-located terrain model,415.86656513838665,0.0,415.86656513838665,0.0
O2021_82_20_1_0024_00005079_10000_6000.tif,82-20,DSM/DTM geotransform mismatch -- no co-located terrain model,4.422938524830713e+59,0.0,4.422938524830713e+59,0.0
O2021_82_20_1_0024_00005080_12000_9000.tif,82-20,DSM/DTM geotransform mismatch -- no co-located terrain model,4.422938524830713e+59,0.0,4.422938524830713e+59,0.0
O2021_82_21_1_0004_00002039_12000_3000.tif,82-21,DSM/DTM geotransform mismatch -- no co-located terrain model,4.422938524830713e+59,0.0,4.422938524830713e+59,0.0
O2021_82_20_1_0024_00005079_6000_11000.tif,82-20,DSM/DTM geotransform mismatch -- no co-located terrain model,4.422938524830713e+59,0.0,4.422938524830713e+59,0.0
O2021_83_25_1_0017_00002705_10000_4000.tif,83-25,DSM/DTM geotransform mismatch -- no co-located terrain model,1190.428494282626,0.0,1190.428494282626,0.0
O2021_82_22_1_0030_00000262_8000_6000.tif,82-22,DSM/DTM geotransform mismatch -- no co-located terrain model,661.3879345739533,0.0,661.3879345739533,0.0
O2021_82_20_1_0024_00005079_13000_8000.tif,82-20,DSM/DTM geotransform mismatch -- no co-located terrain model,4.422938524830713e+59,0.0,4.422938524830713e+59,0.0
O2021_82_11_1_0026_00002619_2000_3000.tif,82-11,DSM/DTM geotransform mismatch -- no co-located terrain model,407.4616546375867,0.0,407.4616546375867,0.0
O2021_82_20_1_0024_00005078_10000_5000.tif,82-20,DSM/DTM geotransform mismatch -- no co-located terrain model,4.422938524830713e+59,0.0,4.422938524830713e+59,0.0
O2021_82_20_1_0024_00005079_7000_5000.tif,82-20,DSM/DTM geotransform mismatch -- no co-located terrain model,4.422938524830713e+59,0.0,4.422938524830713e+59,0.0
O2021_82_22_1_0030_00000254_8000_0.tif,82-22,DSM/DTM geotransform mismatch -- no co-located terrain model,201.0994778710278,0.0,201.0994778710278,0.0
O2021_82_22_1_0031_00000383_5000_5000.tif,82-22,DSM/DTM geotransform mismatch -- no co-located terrain model,357.6870140220357,357.6870140220357,0.0,0.0
O2021_82_20_1_0024_00005079_8000_5000.tif,82-20,DSM/DTM geotransform mismatch -- no co-located terrain model,4.422938524830713e+59,0.0,4.422938524830713e+59,0.0
O2021_82_13_1_0025_00144229_6000_0.tif,82-13,DSM/DTM geotransform mismatch -- no co-located terrain model,638.7879147260066,638.7879147260066,0.0,0.0
O2021_82_21_1_0005_00001869_0_0.tif,82-21,DSM/DTM geotransform mismatch -- no co-located terrain model,4.422938524830713e+59,0.0,4.422938524830713e+59,0.0
O2021_82_20_1_0023_00004975_8000_4000.tif,82-20,DSM/DTM geotransform mismatch -- no co-located terrain model,1088.7102461169363,1088.7102461169363,0.0,0.0
O2021_82_13_1_0024_00141752_1000_1000.tif,82-13,DSM/DTM geotransform mismatch -- no co-located terrain model,507.61008658221124,0.0,507.61008658221124,0.0
O2021_82_21_1_0005_00001869_3000_0.tif,82-21,DSM/DTM geotransform mismatch -- no co-located terrain model,4.422938524830713e+59,0.0,4.422938524830713e+59,0.0
O2021_82_20_1_0023_00004974_11000_7000.tif,82-20,DSM/DTM geotransform mismatch -- no co-located terrain model,860.2325267042627,0.0,860.2325267042627,0.0
O2021_82_20_1_0024_00005078_5000_4000.tif,82-20,DSM/DTM geotransform mismatch -- no co-located terrain model,4.422938524830713e+59,0.0,4.422938524830713e+59,0.0
O2021_82_20_1_0024_00005080_4000_11000.tif,82-20,DSM/DTM geotransform mismatch -- no co-located terrain model,4.422938524830713e+59,806.2257748298549,4.422938524830713e+59,0.0
O2021_82_20_1_0024_00005078_4000_5000.tif,82-20,DSM/DTM geotransform mismatch -- no co-located terrain model,4.422938524830713e+59,0.0,4.422938524830713e+59,0.0
O2021_82_22_1_0029_00002085_7000_5000.tif,82-22,DSM/DTM geotransform mismatch -- no co-located terrain model,661.4506784333961,0.0,661.4506784333961,0.0
O2021_82_21_1_0004_00002039_7000_0.tif,82-21,DSM/DTM geotransform mismatch -- no co-located terrain model,4.422938524830713e+59,0.0,4.422938524830713e+59,0.0
O2021_82_11_1_0025_00003598_2000_3000.tif,82-11,DSM/DTM geotransform mismatch -- no co-located terrain model,316.5454153830063,316.5454153830063,0.0,0.0
O2021_82_20_1_0024_00005079_4000_11000.tif,82-20,DSM/DTM geotransform mismatch -- no co-located terrain model,4.422938524830713e+59,806.2257748298549,4.422938524830713e+59,0.0
O2021_82_21_1_0004_00002039_8000_0.tif,82-21,DSM/DTM geotransform mismatch -- no co-located terrain model,4.422938524830713e+59,0.0,4.422938524830713e+59,0.0
O2021_82_20_1_0024_00005079_9000_4000.tif,82-20,DSM/DTM geotransform mismatch -- no co-located terrain model,4.422938524830713e+59,0.0,4.422938524830713e+59,0.0
O2021_83_26_1_0013_00001590_5000_4000.tif,83-26,DSM/DTM geotransform mismatch -- no co-located terrain model,103.24727599312246,0.0,103.24727599312246,0.0
O2021_82_13_1_0025_00144223_5000_0.tif,82-13,DSM/DTM geotransform mismatch -- no co-located terrain model,420.8004277564366,0.0,420.8004277564366,0.0
O2021_82_20_1_0024_00005079_6000_4000.tif,82-20,DSM/DTM geotransform mismatch -- no co-located terrain model,4.422938524830713e+59,0.0,4.422938524830713e+59,0.0
O2021_82_20_1_0024_00005078_11000_4000.tif,82-20,DSM/DTM geotransform mismatch -- no co-located terrain model,4.422938524830713e+59,0.0,4.422938524830713e+59,0.0
O2021_82_13_1_0024_00141735_1000_4000.tif,82-13,DSM/DTM geotransform mismatch -- no co-located terrain model,724.0338389882064,0.0,724.0338389882064,0.0
O2021_82_20_1_0024_00005077_4000_0.tif,82-20,DSM/DTM geotransform mismatch -- no co-located terrain model,4.422938524830713e+59,0.0,4.422938524830713e+59,0.0
O2021_82_20_1_0024_00005079_5000_11000.tif,82-20,DSM/DTM geotransform mismatch -- no co-located terrain model,4.422938524830713e+59,0.0,4.422938524830713e+59,0.0
O2021_82_21_1_0004_00002039_5000_3000.tif,82-21,DSM/DTM geotransform mismatch -- no co-located terrain model,4.422938524830713e+59,0.0,4.422938524830713e+59,0.0
O2021_82_20_1_0024_00005078_13000_6000.tif,82-20,DSM/DTM geotransform mismatch -- no co-located terrain model,4.422938524830713e+59,0.0,4.422938524830713e+59,0.0
O2021_82_20_1_0024_00005079_4000_6000.tif,82-20,DSM/DTM geotransform mismatch -- no co-located terrain model,4.422938524830713e+59,0.0,4.422938524830713e+59,0.0
O2021_82_20_1_0024_00005077_12000_0.tif,82-20,DSM/DTM geotransform mismatch -- no co-located terrain model,4.422938524830713e+59,0.0,4.422938524830713e+59,0.0
O2021_82_24_1_0022_00001738_10cm_7000_2000.tif,82-24,DSM/DTM geotransform mismatch -- no co-located terrain model,659.3944191453246,0.0,659.3944191453246,0.0
O2021_82_20_1_0024_00005079_8000_8000.tif,82-20,DSM/DTM geotransform mismatch -- no co-located terrain model,4.422938524830713e+59,0.0,4.422938524830713e+59,0.0
O2021_82_20_1_0024_00005078_6000_7000.tif,82-20,DSM/DTM geotransform mismatch -- no co-located terrain model,4.422938524830713e+59,0.0,4.422938524830713e+59,0.0
O2021_82_24_1_0025_00001380_10cm_7000_2000.tif,82-24,DSM/DTM geotransform mismatch -- no co-located terrain model,799.7855962694002,0.0,799.7855962694002,0.0
O2021_82_16_1_0024_00004782_10cm_3000_1000.tif,82-16,DSM/DTM geotransform mismatch -- no co-located terrain model,539.0482353185103,539.0482353185103,0.0,0.0
O2021_82_20_1_0024_00005079_7000_8000.tif,82-20,DSM/DTM geotransform mismatch -- no co-located terrain model,4.422938524830713e+59,0.0,4.422938524830713e+59,0.0
O2021_82_20_1_0024_00005078_9000_7000.tif,82-20,DSM/DTM geotransform mismatch -- no co-located terrain model,4.422938524830713e+59,0.0,4.422938524830713e+59,0.0
O2021_82_20_1_0024_00005078_10000_8000.tif,82-20,DSM/DTM geotransform mismatch -- no co-located terrain model,4.422938524830713e+59,0.0,4.422938524830713e+59,0.0
O2021_83_25_1_0026_00001211_8000_3000.tif,83-25,DSM/DTM geotransform mismatch -- no co-located terrain model,891.0965155357752,0.0,891.0965155357752,0.0
O2021_82_20_1_0024_00005078_8000_6000.tif,82-20,DSM/DTM geotransform mismatch -- no co-located terrain model,4.422938524830713e+59,0.0,4.422938524830713e+59,0.0
O2021_82_20_1_0024_00005079_6000_9000.tif,82-20,DSM/DTM geotransform mismatch -- no co-located terrain model,4.422938524830713e+59,0.0,4.422938524830713e+59,0.0
O2021_82_11_1_0024_00002864_5000_6000.tif,82-11,DSM/DTM geotransform mismatch -- no co-located terrain model,438.83709961670286,0.0,438.83709961670286,0.0
O2021_82_20_1_0024_00005078_7000_6000.tif,82-20,DSM/DTM geotransform mismatch -- no co-located terrain model,4.422938524830713e+59,0.0,4.422938524830713e+59,0.0
O2021_82_20_1_0024_00005079_9000_9000.tif,82-20,DSM/DTM geotransform mismatch -- no co-located terrain model,4.422938524830713e+59,0.0,4.422938524830713e+59,0.0
O2021_82_20_1_0024_00005077_2000_1000.tif,82-20,DSM/DTM geotransform mismatch -- no co-located terrain model,4.422938524830713e+59,0.0,4.422938524830713e+59,0.0
O2021_82_13_1_0026_00144925_6000_0.tif,82-13,DSM/DTM geotransform mismatch -- no co-located terrain model,201.2486024796197,0.0,201.2486024796197,0.0
O2021_82_13_1_0024_00141759_3000_2000.tif,82-13,DSM/DTM geotransform mismatch -- no co-located terrain model,506.63793778200227,506.63793778200227,0.0,0.0
O2021_82_20_1_0024_00005079_5000_7000.tif,82-20,DSM/DTM geotransform mismatch -- no co-located terrain model,4.422938524830713e+59,0.0,4.422938524830713e+59,0.0
O2021_82_20_1_0024_00005078_12000_7000.tif,82-20,DSM/DTM geotransform mismatch -- no co-located terrain model,4.422938524830713e+59,0.0,4.422938524830713e+59,0.0
O2021_82_20_1_0024_00005080_5000_11000.tif,82-20,DSM/DTM geotransform mismatch -- no co-located terrain model,4.422938524830713e+59,0.0,4.422938524830713e+59,0.0
O2021_82_20_1_0024_00005078_4000_8000.tif,82-20,DSM/DTM geotransform mismatch -- no co-located terrain model,4.422938524830713e+59,0.0,4.422938524830713e+59,0.0
O2021_82_13_1_0025_00144223_2000_2000.tif,82-13,DSM/DTM geotransform mismatch -- no co-located terrain model,232.1055794245369,232.1055794245369,0.0,0.0
O2021_82_22_1_0031_00000391_6000_3000.tif,82-22,DSM/DTM geotransform mismatch -- no co-located terrain model,404.7381869801761,404.7381869801761,0.0,0.0
O2021_82_21_1_0004_00002039_4000_2000.tif,82-21,DSM/DTM geotransform mismatch -- no co-located terrain model,4.422938524830713e+59,0.0,4.422938524830713e+59,0.0
O2021_82_20_1_0023_00004975_15000_0.tif,82-20,DSM/DTM geotransform mismatch -- no co-located terrain model,1555.6349186104046,1555.6349186104046,0.0,0.0
O2021_82_21_1_0004_00002039_11000_2000.tif,82-21,DSM/DTM geotransform mismatch -- no co-located terrain model,4.422938524830713e+59,0.0,4.422938524830713e+59,0.0
O2021_82_19_1_0023_00005472_8000_2000.tif,82-19,DSM/DTM geotransform mismatch -- no co-located terrain model,429.31689927138905,429.31689927138905,0.0,0.0
O2021_82_24_1_0021_00002046_4000_3000.tif,82-24,DSM/DTM geotransform mismatch -- no co-located terrain model,163.1502375113196,0.0,163.1502375113196,0.0
O2021_82_24_1_0022_00001737_10cm_3000_3000.tif,82-24,DSM/DTM geotransform mismatch -- no co-located terrain model,461.5463140357639,0.0,461.5463140357639,0.0
O2021_82_20_1_0024_00005079_10000_9000.tif,82-20,DSM/DTM geotransform mismatch -- no co-located terrain model,4.422938524830713e+59,0.0,4.422938524830713e+59,0.0
O2021_82_20_1_0024_00005078_2000_1000.tif,82-20,DSM/DTM geotransform mismatch -- no co-located terrain model,4.422938524830713e+59,0.0,4.422938524830713e+59,0.0
O2021_82_20_1_0024_00005079_13000_7000.tif,82-20,DSM/DTM geotransform mismatch -- no co-located terrain model,4.422938524830713e+59,0.0,4.422938524830713e+59,0.0
O2021_83_31_1_0040_00094620_1000_2000.tif,83-31,DSM/DTM geotransform mismatch -- no co-located terrain model,211.00947846009194,0.0,211.00947846009194,0.0
O2021_82_13_1_0024_00141749_3000_3000.tif,82-13,DSM/DTM geotransform mismatch -- no co-located terrain model,414.70591989987315,0.0,414.70591989987315,0.0
O2021_82_20_1_0024_00005079_12000_6000.tif,82-20,DSM/DTM geotransform mismatch -- no co-located terrain model,4.422938524830713e+59,0.0,4.422938524830713e+59,0.0
O2021_82_19_1_0023_00005474_9000_6000.tif,82-19,DSM/DTM geotransform mismatch -- no co-located terrain model,905.8255902766272,0.0,905.8255902766272,0.0
O2021_82_22_1_0029_00002081_5000_6000.tif,82-22,DSM/DTM geotransform mismatch -- no co-located terrain model,661.9063377850374,661.9063377850374,0.0,0.0
O2021_82_21_1_0005_00001869_2000_1000.tif,82-21,DSM/DTM geotransform mismatch -- no co-located terrain model,4.422938524830713e+59,0.0,4.422938524830713e+59,0.0
O2021_82_20_1_0024_00005079_11000_8000.tif,82-20,DSM/DTM geotransform mismatch -- no co-located terrain model,4.422938524830713e+59,0.0,4.422938524830713e+59,0.0
O2021_82_21_1_0004_00002039_10000_3000.tif,82-21,DSM/DTM geotransform mismatch -- no co-located terrain model,4.422938524830713e+59,0.0,4.422938524830713e+59,0.0
O2021_82_20_1_0024_00005080_10000_9000.tif,82-20,DSM/DTM geotransform mismatch -- no co-located terrain model,4.422938524830713e+59,0.0,4.422938524830713e+59,0.0
O2021_83_25_1_0017_00002703_3000_3000.tif,83-25,DSM/DTM geotransform mismatch -- no co-located terrain model,953.281700233462,0.0,953.281700233462,0.0
O2021_82_20_1_0024_00005078_1000_2000.tif,82-20,DSM/DTM geotransform mismatch -- no co-located terrain model,4.422938524830713e+59,0.0,4.422938524830713e+59,0.0
O2021_82_20_1_0024_00005080_2000_9000.tif,82-20,DSM/DTM geotransform mismatch -- no co-located terrain model,4.422938524830713e+59,0.0,4.422938524830713e+59,0.0
O2021_83_26_1_0013_00001599_5000_1000.tif,83-26,DSM/DTM geotransform mismatch -- no co-located terrain model,476.8406442408197,0.0,476.8406442408197,0.0
O2021_82_20_1_0024_00005080_1000_11000.tif,82-20,DSM/DTM geotransform mismatch -- no co-located terrain model,4.422938524830713e+59,0.0,4.422938524830713e+59,0.0
O2021_82_20_1_0024_00005079_10000_4000.tif,82-20,DSM/DTM geotransform mismatch -- no co-located terrain model,4.422938524830713e+59,0.0,4.422938524830713e+59,0.0
O2021_82_11_1_0024_00002868_1000_7000.tif,82-11,DSM/DTM geotransform mismatch -- no co-located terrain model,748.2038492282701,0.0,748.2038492282701,0.0
O2021_82_13_1_0025_00144226_3000_1000.tif,82-13,DSM/DTM geotransform mismatch -- no co-located terrain model,366.44508456247576,366.44508456247576,0.0,0.0
O2021_82_20_1_0024_00005079_3000_3000.tif,82-20,DSM/DTM geotransform mismatch -- no co-located terrain model,4.422938524830713e+59,0.0,4.422938524830713e+59,0.0
O2021_82_11_1_0026_00002614_9000_1000.tif,82-11,DSM/DTM geotransform mismatch -- no co-located terrain model,481.6803919613087,481.6803919613087,0.0,0.0
O2021_82_21_1_0005_00001869_1000_2000.tif,82-21,DSM/DTM geotransform mismatch -- no co-located terrain model,4.422938524830713e+59,0.0,4.422938524830713e+59,0.0
O2021_82_20_1_0024_00005079_11000_5000.tif,82-20,DSM/DTM geotransform mismatch -- no co-located terrain model,4.422938524830713e+59,0.0,4.422938524830713e+59,0.0
O2021_83_25_1_0017_00002701_7000_1000.tif,83-25,DSM/DTM geotransform mismatch -- no co-located terrain model,305.3686296920494,0.0,305.3686296920494,0.0
O2021_82_11_1_0026_00002616_8000_0.tif,82-11,DSM/DTM geotransform mismatch -- no co-located terrain model,486.65593595475644,0.0,486.65593595475644,0.0
O2021_82_20_1_0024_00005079_1000_11000.tif,82-20,DSM/DTM geotransform mismatch -- no co-located terrain model,4.422938524830713e+59,0.0,4.422938524830713e+59,0.0
O2021_83_31_1_0042_00092138_8150_3000.tif,83-31,DSM/DTM geotransform mismatch -- no co-located terrain model,563.4074901880521,0.0,563.4074901880521,0.0
O2021_82_21_1_0004_00002039_8000_3000.tif,82-21,DSM/DTM geotransform mismatch -- no co-located terrain model,4.422938524830713e+59,0.0,4.422938524830713e+59,0.0
O2021_82_20_1_0024_00005079_6000_6000.tif,82-20,DSM/DTM geotransform mismatch -- no co-located terrain model,4.422938524830713e+59,0.0,4.422938524830713e+59,0.0
O2021_82_20_1_0024_00005078_11000_6000.tif,82-20,DSM/DTM geotransform mismatch -- no co-located terrain model,4.422938524830713e+59,0.0,4.422938524830713e+59,0.0
O2021_82_20_1_0024_00005077_3000_0.tif,82-20,DSM/DTM geotransform mismatch -- no co-located terrain model,4.422938524830713e+59,0.0,4.422938524830713e+59,0.0
O2021_82_21_1_0004_00002039_7000_3000.tif,82-21,DSM/DTM geotransform mismatch -- no co-located terrain model,4.422938524830713e+59,0.0,4.422938524830713e+59,0.0
O2021_82_20_1_0024_00005079_9000_6000.tif,82-20,DSM/DTM geotransform mismatch -- no co-located terrain model,4.422938524830713e+59,0.0,4.422938524830713e+59,0.0
O2021_82_20_1_0024_00005080_3000_11000.tif,82-20,DSM/DTM geotransform mismatch -- no co-located terrain model,4.422938524830713e+59,0.0,4.422938524830713e+59,0.0
O2021_82_20_1_0024_00005078_12000_8000.tif,82-20,DSM/DTM geotransform mismatch -- no co-located terrain model,4.422938524830713e+59,0.0,4.422938524830713e+59,0.0
O2021_82_20_1_0024_00005079_5000_8000.tif,82-20,DSM/DTM geotransform mismatch -- no co-located terrain model,4.422938524830713e+59,0.0,4.422938524830713e+59,0.0
O2021_82_20_1_0024_00005078_4000_7000.tif,82-20,DSM/DTM geotransform mismatch -- no co-located terrain model,4.422938524830713e+59,0.0,4.422938524830713e+59,0.0
O2021_82_20_1_0024_00005079_3000_11000.tif,82-20,DSM/DTM geotransform mismatch -- no co-located terrain model,4.422938524830713e+59,0.0,4.422938524830713e+59,0.0
O2021_82_20_1_0024_00005078_5000_6000.tif,82-20,DSM/DTM geotransform mismatch -- no co-located terrain model,4.422938524830713e+59,0.0,4.422938524830713e+59,0.0
O2021_83_31_1_0042_00092144_6000_4000.tif,83-31,DSM/DTM geotransform mismatch -- no co-located terrain model,716.2471640432512,0.0,716.2471640432512,0.0
O2021_82_20_1_0024_00005079_4000_9000.tif,82-20,DSM/DTM geotransform mismatch -- no co-located terrain model,4.422938524830713e+59,0.0,4.422938524830713e+59,0.0
O2021_82_13_1_0026_00144908_0_1000.tif,82-13,DSM/DTM geotransform mismatch -- no co-located terrain model,728.0109889280518,0.0,728.0109889280518,0.0
O2021_82_21_1_0004_00002039_6000_2000.tif,82-21,DSM/DTM geotransform mismatch -- no co-located terrain model,4.422938524830713e+59,0.0,4.422938524830713e+59,0.0
O2021_82_20_1_0024_00005078_6000_8000.tif,82-20,DSM/DTM geotransform mismatch -- no co-located terrain model,4.422938524830713e+59,0.0,4.422938524830713e+59,0.0
O2021_82_20_1_0024_00005079_8000_7000.tif,82-20,DSM/DTM geotransform mismatch -- no co-located terrain model,4.422938524830713e+59,0.0,4.422938524830713e+59,0.0
O2021_82_21_1_0004_00002039_9000_2000.tif,82-21,DSM/DTM geotransform mismatch -- no co-located terrain model,4.422938524830713e+59,0.0,4.422938524830713e+59,0.0
O2023_82_24_1_0014_00000747_8000_12000.tif,82-24,DSM/DTM geotransform mismatch -- no co-located terrain model,898.1787127292653,0.0,898.1787127292653,0.0
O2021_82_20_1_0024_00005078_9000_8000.tif,82-20,DSM/DTM geotransform mismatch -- no co-located terrain model,4.422938524830713e+59,0.0,4.422938524830713e+59,0.0
O2021_82_20_1_0024_00005078_10000_7000.tif,82-20,DSM/DTM geotransform mismatch -- no co-located terrain model,4.422938524830713e+59,0.0,4.422938524830713e+59,0.0
O2021_82_20_1_0024_00005079_7000_7000.tif,82-20,DSM/DTM geotransform mismatch -- no co-located terrain model,4.422938524830713e+59,0.0,4.422938524830713e+59,0.0
O2021_82_20_1_0024_00005079_2000_11000.tif,82-20,DSM/DTM geotransform mismatch -- no co-located terrain model,4.422938524830713e+59,0.0,4.422938524830713e+59,0.0
O2021_82_20_1_0024_00005079_5000_5000.tif,82-20,DSM/DTM geotransform mismatch -- no co-located terrain model,4.422938524830713e+59,0.0,4.422938524830713e+59,0.0
O2021_82_20_1_0024_00005078_12000_5000.tif,82-20,DSM/DTM geotransform mismatch -- no co-located terrain model,4.422938524830713e+59,0.0,4.422938524830713e+59,0.0
O2021_82_20_1_0024_00005077_2000_3000.tif,82-20,DSM/DTM geotransform mismatch -- no co-located terrain model,4.422938524830713e+59,0.0,4.422938524830713e+59,0.0
O2021_82_20_1_0024_00005078_7000_4000.tif,82-20,DSM/DTM geotransform mismatch -- no co-located terrain model,4.422938524830713e+59,0.0,4.422938524830713e+59,0.0
O2021_82_20_1_0024_00005078_8000_4000.tif,82-20,DSM/DTM geotransform mismatch -- no co-located terrain model,4.422938524830713e+59,736.4950780555156,4.422938524830713e+59,0.0
O2021_82_21_1_0005_00001869_4000_0.tif,82-21,DSM/DTM geotransform mismatch -- no co-located terrain model,4.422938524830713e+59,0.0,4.422938524830713e+59,0.0
O2021_82_21_1_0004_00002040_14000_4000.tif,82-21,DSM/DTM geotransform mismatch -- no co-located terrain model,1140.175425099138,0.0,1140.175425099138,0.0
O2021_82_20_1_0024_00005078_9000_5000.tif,82-20,DSM/DTM geotransform mismatch -- no co-located terrain model,4.422938524830713e+59,0.0,4.422938524830713e+59,0.0
O2021_82_20_1_0024_00005079_0_3000.tif,82-20,DSM/DTM geotransform mismatch -- no co-located terrain model,4.422938524830713e+59,0.0,4.422938524830713e+59,0.0
O2021_82_20_1_0024_00005078_6000_5000.tif,82-20,DSM/DTM geotransform mismatch -- no co-located terrain model,4.422938524830713e+59,0.0,4.422938524830713e+59,0.0
O2021_82_16_1_0025_00005218_10cm_4000_3000.tif,82-16,DSM/DTM geotransform mismatch -- no co-located terrain model,433.20664814843275,0.0,433.20664814843275,0.0
O2021_82_22_1_0031_00000389_4000_4000.tif,82-22,DSM/DTM geotransform mismatch -- no co-located terrain model,407.0835295120646,0.0,407.0835295120646,0.0
O2021_83_34_1_0024_00002341_7000_1000.tif,83-34,DSM/DTM geotransform mismatch -- no co-located terrain model,595.3830699642039,0.0,595.3830699642039,0.0
O2021_82_21_1_0004_00002040_8000_4000.tif,82-21,DSM/DTM geotransform mismatch -- no co-located terrain model,723.7789717862768,723.7789717862768,0.0,0.0
O2021_82_20_1_0024_00005078_13000_4000.tif,82-20,DSM/DTM geotransform mismatch -- no co-located terrain model,4.422938524830713e+59,0.0,4.422938524830713e+59,0.0
O2021_82_20_1_0024_00005079_4000_4000.tif,82-20,DSM/DTM geotransform mismatch -- no co-located terrain model,4.422938524830713e+59,0.0,4.422938524830713e+59,0.0
O2021_83_26_1_0012_00001773_8000_0.tif,83-26,DSM/DTM geotransform mismatch -- no co-located terrain model,493.0395521659495,0.0,493.0395521659495,0.0
O2021_82_20_1_0024_00005080_2000_11000.tif,82-20,DSM/DTM geotransform mismatch -- no co-located terrain model,4.422938524830713e+59,0.0,4.422938524830713e+59,0.0
O2021_82_20_1_0023_00004974_9000_4000.tif,82-20,DSM/DTM geotransform mismatch -- no co-located terrain model,855.0046783497737,0.0,855.0046783497737,0.0
O2021_82_20_1_0024_00005078_1000_4000.tif,82-20,DSM/DTM geotransform mismatch -- no co-located terrain model,4.422938524830713e+59,0.0,4.422938524830713e+59,0.0
O2021_82_24_1_0020_00004288_3000_5000.tif,82-24,DSM/DTM geotransform mismatch -- no co-located terrain model,646.0773947446235,0.0,646.0773947446235,0.0
O2021_82_11_1_0026_00002618_4000_2000.tif,82-11,DSM/DTM geotransform mismatch -- no co-located terrain model,486.805916151396,0.0,486.805916151396,0.0
O2021_82_20_1_0024_00005080_11000_10000.tif,82-20,DSM/DTM geotransform mismatch -- no co-located terrain model,4.422938524830713e+59,0.0,4.422938524830713e+59,0.0
O2021_82_22_1_0032_00000911_7000_4000.tif,82-22,DSM/DTM geotransform mismatch -- no co-located terrain model,205.0,0.0,205.0,0.0
O2021_82_11_1_0023_00003031_9000_1000.tif,82-11,DSM/DTM geotransform mismatch -- no co-located terrain model,600.6879389500009,600.6879389500009,0.0,0.0
O2021_82_20_1_0024_00005077_4000_3000.tif,82-20,DSM/DTM geotransform mismatch -- no co-located terrain model,4.422938524830713e+59,0.0,4.422938524830713e+59,0.0
O2021_82_20_1_0024_00005077_13000_3000.tif,82-20,DSM/DTM geotransform mismatch -- no co-located terrain model,4.422938524830713e+59,0.0,4.422938524830713e+59,0.0
O2021_82_20_1_0024_00005079_9000_11000.tif,82-20,DSM/DTM geotransform mismatch -- no co-located terrain model,4.422938524830713e+59,0.0,4.422938524830713e+59,0.0
O2021_82_21_1_0005_00001869_2000_0.tif,82-21,DSM/DTM geotransform mismatch -- no co-located terrain model,4.422938524830713e+59,0.0,4.422938524830713e+59,0.0
O2021_82_22_1_0029_00002081_7000_2000.tif,82-22,DSM/DTM geotransform mismatch -- no co-located terrain model,207.17142660125697,0.0,207.17142660125697,0.0
O2021_82_13_1_0025_00144247_2000_6000.tif,82-13,DSM/DTM geotransform mismatch -- no co-located terrain model,745.2959143856888,0.0,745.2959143856888,0.0
O2021_82_20_1_0024_00005079_0_11000.tif,82-20,DSM/DTM geotransform mismatch -- no co-located terrain model,4.422938524830713e+59,0.0,4.422938524830713e+59,0.0
O2021_82_24_1_0021_00002048_0_0.tif,82-24,DSM/DTM geotransform mismatch -- no co-located terrain model,223.60679774997897,0.0,223.60679774997897,0.0
O2021_82_20_1_0024_00005079_3000_5000.tif,82-20,DSM/DTM geotransform mismatch -- no co-located terrain model,4.422938524830713e+59,0.0,4.422938524830713e+59,0.0
O2021_82_20_1_0024_00005079_12000_10000.tif,82-20,DSM/DTM geotransform mismatch -- no co-located terrain model,4.422938524830713e+59,0.0,4.422938524830713e+59,0.0
O2021_82_20_1_0024_00005079_2000_4000.tif,82-20,DSM/DTM geotransform mismatch -- no co-located terrain model,4.422938524830713e+59,0.0,4.422938524830713e+59,0.0
O2021_82_22_1_0030_00000259_6000_5000.tif,82-22,DSM/DTM geotransform mismatch -- no co-located terrain model,661.0733696043126,0.0,661.0733696043126,0.0
O2021_82_20_1_0024_00005078_0_6000.tif,82-20,DSM/DTM geotransform mismatch -- no co-located terrain model,4.422938524830713e+59,0.0,4.422938524830713e+59,0.0
O2021_82_20_1_0024_00005079_11000_3000.tif,82-20,DSM/DTM geotransform mismatch -- no co-located terrain model,4.422938524830713e+59,0.0,4.422938524830713e+59,0.0
O2021_82_21_1_0004_00002039_9000_0.tif,82-21,DSM/DTM geotransform mismatch -- no co-located terrain model,4.422938524830713e+59,0.0,4.422938524830713e+59,0.0
O2021_82_13_1_0025_00144215_3000_0.tif,82-13,DSM/DTM geotransform mismatch -- no co-located terrain model,617.8163157444128,0.0,617.8163157444128,0.0
O2021_83_31_1_0042_00092132_4000_5000.tif,83-31,DSM/DTM geotransform mismatch -- no co-located terrain model,1141.1332087008948,0.0,1141.1332087008948,0.0
O2021_82_20_1_0024_00005080_9000_11000.tif,82-20,DSM/DTM geotransform mismatch -- no co-located terrain model,4.422938524830713e+59,0.0,4.422938524830713e+59,0.0
O2021_83_25_1_0015_00003911_9000_3000.tif,83-25,DSM/DTM geotransform mismatch -- no co-located terrain model,402.61768465878396,0.0,402.61768465878396,0.0
O2021_82_21_1_0004_00002039_6000_0.tif,82-21,DSM/DTM geotransform mismatch -- no co-located terrain model,4.422938524830713e+59,0.0,4.422938524830713e+59,0.0
O2021_82_20_1_0024_00005079_3000_8000.tif,82-20,DSM/DTM geotransform mismatch -- no co-located terrain model,4.422938524830713e+59,0.0,4.422938524830713e+59,0.0
O2021_82_20_1_0024_00005078_2000_7000.tif,82-20,DSM/DTM geotransform mismatch -- no co-located terrain model,4.422938524830713e+59,0.0,4.422938524830713e+59,0.0
O2021_82_21_1_0005_00001868_1000_7000.tif,82-21,DSM/DTM geotransform mismatch -- no co-located terrain model,1565.2475842498527,1565.2475842498527,0.0,0.0
O2021_83_26_1_0013_00001600_3000_2000.tif,83-26,DSM/DTM geotransform mismatch -- no co-located terrain model,827.4811176093385,0.0,827.4811176093385,0.0
O2021_82_22_1_0030_00000258_6000_6000.tif,82-22,DSM/DTM geotransform mismatch -- no co-located terrain model,661.3017465575,661.3017465575,0.0,0.0
O2021_82_20_1_0024_00005077_13000_0.tif,82-20,DSM/DTM geotransform mismatch -- no co-located terrain model,4.422938524830713e+59,0.0,4.422938524830713e+59,0.0
O2021_82_11_1_0025_00003594_9000_4000.tif,82-11,DSM/DTM geotransform mismatch -- no co-located terrain model,701.5988882545354,701.5988882545354,0.0,0.0
O2021_82_20_1_0024_00005080_8000_11000.tif,82-20,DSM/DTM geotransform mismatch -- no co-located terrain model,4.422938524830713e+59,0.0,4.422938524830713e+59,0.0
O2021_82_21_1_0005_00001869_10000_1000.tif,82-21,DSM/DTM geotransform mismatch -- no co-located terrain model,4.422938524830713e+59,0.0,4.422938524830713e+59,0.0
O2021_82_19_1_0023_00005474_8000_1000.tif,82-19,DSM/DTM geotransform mismatch -- no co-located terrain model,430.4880950734875,430.4880950734875,0.0,0.0
O2021_82_20_1_0024_00005077_5000_0.tif,82-20,DSM/DTM geotransform mismatch -- no co-located terrain model,4.422938524830713e+59,0.0,4.422938524830713e+59,0.0
O2021_82_13_1_0026_00144921_0_1000.tif,82-13,DSM/DTM geotransform mismatch -- no co-located terrain model,507.82083454698864,507.82083454698864,0.0,0.0
O2021_82_13_1_0024_00141735_8000_6000.tif,82-13,DSM/DTM geotransform mismatch -- no co-located terrain model,1116.4591349440427,0.0,1116.4591349440427,0.0
O2021_82_20_1_0024_00005079_8000_11000.tif,82-20,DSM/DTM geotransform mismatch -- no co-located terrain model,4.422938524830713e+59,0.0,4.422938524830713e+59,0.0
O2021_82_20_1_0024_00005079_1000_7000.tif,82-20,DSM/DTM geotransform mismatch -- no co-located terrain model,4.422938524830713e+59,1565.2475842498527,4.422938524830713e+59,0.0
O2021_82_16_1_0028_00005674_10cm_1000_1000.tif,82-16,DSM/DTM geotransform mismatch -- no co-located terrain model,238.447059113758,238.447059113758,0.0,0.0
O2021_82_20_1_0024_00005080_10000_10000.tif,82-20,DSM/DTM geotransform mismatch -- no co-located terrain model,4.422938524830713e+59,0.0,4.422938524830713e+59,0.0
O2021_83_25_1_0016_00002734_0_1000.tif,83-25,DSM/DTM geotransform mismatch -- no co-located terrain model,500.0,0.0,500.0,0.0
O2021_82_19_1_0023_00005473_4000_4000.tif,82-19,DSM/DTM geotransform mismatch -- no co-located terrain model,622.0490334370756,622.0490334370756,0.0,0.0
O2021_82_20_1_0024_00005078_3000_6000.tif,82-20,DSM/DTM geotransform mismatch -- no co-located terrain model,4.422938524830713e+59,0.0,4.422938524830713e+59,0.0
O2021_83_25_1_0015_00003910_10030_2000.tif,83-25,DSM/DTM geotransform mismatch -- no co-located terrain model,338.0,0.0,338.0,0.0
O2021_82_11_1_0026_00002615_9000_4000.tif,82-11,DSM/DTM geotransform mismatch -- no co-located terrain model,97.02061636580135,0.0,97.02061636580135,0.0
O2021_82_22_1_0031_00000387_6000_1000.tif,82-22,DSM/DTM geotransform mismatch -- no co-located terrain model,407.9534287146022,407.9534287146022,0.0,0.0
O2021_82_20_1_0024_00005079_13000_10000.tif,82-20,DSM/DTM geotransform mismatch -- no co-located terrain model,4.422938524830713e+59,0.0,4.422938524830713e+59,0.0
O2021_82_20_1_0024_00005077_6000_1000.tif,82-20,DSM/DTM geotransform mismatch -- no co-located terrain model,4.422938524830713e+59,0.0,4.422938524830713e+59,0.0
O2021_82_20_1_0024_00005079_2000_9000.tif,82-20,DSM/DTM geotransform mismatch -- no co-located terrain model,4.422938524830713e+59,0.0,4.422938524830713e+59,0.0
O2021_83_25_1_0015_00002817_1000_3000.tif,83-25,DSM/DTM geotransform mismatch -- no co-located terrain model,583.09518948453,0.0,583.09518948453,0.0
O2021_82_20_1_0024_00005077_11000_1000.tif,82-20,DSM/DTM geotransform mismatch -- no co-located terrain model,4.422938524830713e+59,0.0,4.422938524830713e+59,0.0
O2021_82_20_1_0024_00005077_9000_1000.tif,82-20,DSM/DTM geotransform mismatch -- no co-located terrain model,4.422938524830713e+59,0.0,4.422938524830713e+59,0.0
O2021_82_24_1_0020_00004289_7000_2000.tif,82-24,DSM/DTM geotransform mismatch -- no co-located terrain model,150.08331019803634,0.0,150.08331019803634,0.0
O2021_82_20_1_0024_00005078_12000_3000.tif,82-20,DSM/DTM geotransform mismatch -- no co-located terrain model,4.422938524830713e+59,0.0,4.422938524830713e+59,0.0
O2021_82_20_1_0024_00005079_5000_3000.tif,82-20,DSM/DTM geotransform mismatch -- no co-located terrain model,4.422938524830713e+59,0.0,4.422938524830713e+59,0.0
O2021_82_21_1_0004_00002039_11000_0.tif,82-21,DSM/DTM geotransform mismatch -- no co-located terrain model,4.422938524830713e+59,0.0,4.422938524830713e+59,0.0
O2021_82_20_1_0024_00005080_4000_9000.tif,82-20,DSM/DTM geotransform mismatch -- no co-located terrain model,4.422938524830713e+59,0.0,4.422938524830713e+59,0.0
O2021_82_20_1_0024_00005078_7000_2000.tif,82-20,DSM/DTM geotransform mismatch -- no co-located terrain model,4.422938524830713e+59,0.0,4.422938524830713e+59,0.0
O2021_82_13_1_0025_00144235_6000_4000.tif,82-13,DSM/DTM geotransform mismatch -- no co-located terrain model,856.1687917694735,856.1687917694735,0.0,0.0
O2021_82_20_1_0024_00005078_8000_2000.tif,82-20,DSM/DTM geotransform mismatch -- no co-located terrain model,4.422938524830713e+59,0.0,4.422938524830713e+59,0.0
O2021_82_22_1_0030_00000262_1000_4000.tif,82-22,DSM/DTM geotransform mismatch -- no co-located terrain model,728.0109889280518,0.0,728.0109889280518,0.0
O2021_82_20_1_0024_00005079_0_5000.tif,82-20,DSM/DTM geotransform mismatch -- no co-located terrain model,4.422938524830713e+59,0.0,4.422938524830713e+59,0.0
O2021_82_20_1_0024_00005078_9000_3000.tif,82-20,DSM/DTM geotransform mismatch -- no co-located terrain model,4.422938524830713e+59,0.0,4.422938524830713e+59,0.0
O2021_83_31_1_0043_00091113_5000_3000.tif,83-31,DSM/DTM geotransform mismatch -- no co-located terrain model,312.0,0.0,312.0,0.0
O2021_82_13_1_0025_00144241_5000_4000.tif,82-13,DSM/DTM geotransform mismatch -- no co-located terrain model,856.3936010970657,0.0,856.3936010970657,0.0
O2021_82_20_1_0024_00005078_6000_3000.tif,82-20,DSM/DTM geotransform mismatch -- no co-located terrain model,4.422938524830713e+59,0.0,4.422938524830713e+59,0.0
O2021_82_20_1_0024_00005079_11000_10000.tif,82-20,DSM/DTM geotransform mismatch -- no co-located terrain model,4.422938524830713e+59,0.0,4.422938524830713e+59,0.0
O2021_82_20_1_0024_00005078_13000_2000.tif,82-20,DSM/DTM geotransform mismatch -- no co-located terrain model,4.422938524830713e+59,0.0,4.422938524830713e+59,0.0
O2021_82_20_1_0024_00005080_12000_10000.tif,82-20,DSM/DTM geotransform mismatch -- no co-located terrain model,4.422938524830713e+59,0.0,4.422938524830713e+59,0.0
O2021_82_21_1_0005_00001869_7000_2000.tif,82-21,DSM/DTM geotransform mismatch -- no co-located terrain model,4.422938524830713e+59,0.0,4.422938524830713e+59,0.0
O2021_82_11_1_0025_00003596_8000_3000.tif,82-11,DSM/DTM geotransform mismatch -- no co-located terrain model,360.5731548521049,0.0,360.5731548521049,0.0
O2021_82_21_1_0005_00001869_8000_2000.tif,82-21,DSM/DTM geotransform mismatch -- no co-located terrain model,4.422938524830713e+59,0.0,4.422938524830713e+59,0.0
O2021_83_25_1_0017_00002700_9000_0.tif,83-25,DSM/DTM geotransform mismatch -- no co-located terrain model,308.9546892345219,0.0,308.9546892345219,0.0
O2021_83_25_1_0027_00001531_0_4000.tif,83-25,DSM/DTM geotransform mismatch -- no co-located terrain model,632.4555320336759,0.0,632.4555320336759,0.0
O2021_82_20_1_0024_00005079_10000_10000.tif,82-20,DSM/DTM geotransform mismatch -- no co-located terrain model,4.422938524830713e+59,0.0,4.422938524830713e+59,0.0
O2021_82_13_1_0025_00144247_8000_3000.tif,82-13,DSM/DTM geotransform mismatch -- no co-located terrain model,428.8053171312128,428.8053171312128,0.0,0.0
O2021_83_26_1_0012_00001776_5000_1000.tif,83-26,DSM/DTM geotransform mismatch -- no co-located terrain model,566.2578917772361,0.0,566.2578917772361,0.0
O2021_83_26_1_0014_00001453_0_0.tif,83-26,DSM/DTM geotransform mismatch -- no co-located terrain model,806.2257748298549,0.0,806.2257748298549,0.0
O2021_82_13_1_0025_00144232_8000_3000.tif,82-13,DSM/DTM geotransform mismatch -- no co-located terrain model,334.0059879702758,334.0059879702758,0.0,0.0
O2021_82_20_1_0024_00005077_0_3000.tif,82-20,DSM/DTM geotransform mismatch -- no co-located terrain model,4.422938524830713e+59,0.0,4.422938524830713e+59,0.0
O2021_82_20_1_0024_00005078_4000_1000.tif,82-20,DSM/DTM geotransform mismatch -- no co-located terrain model,4.422938524830713e+59,0.0,4.422938524830713e+59,0.0
O2021_82_11_1_0025_00003596_0_2000.tif,82-11,DSM/DTM geotransform mismatch -- no co-located terrain model,806.2257748298549,0.0,806.2257748298549,0.0
O2021_82_20_1_0024_00005080_13000_10000.tif,82-20,DSM/DTM geotransform mismatch -- no co-located terrain model,4.422938524830713e+59,0.0,4.422938524830713e+59,0.0
O2021_82_13_1_0026_00144935_1000_2000.tif,82-13,DSM/DTM geotransform mismatch -- no co-located terrain model,509.40062818964014,0.0,509.40062818964014,0.0
O2021_82_22_1_0030_00000258_1000_1000.tif,82-22,DSM/DTM geotransform mismatch -- no co-located terrain model,728.0109889280518,0.0,728.0109889280518,0.0
O2021_83_25_1_0015_00002815_6000_0.tif,83-25,DSM/DTM geotransform mismatch -- no co-located terrain model,617.8001294917314,0.0,617.8001294917314,0.0
O2021_82_21_1_0004_00002039_16000_3000.tif,82-21,DSM/DTM geotransform mismatch -- no co-located terrain model,4.422938524830713e+59,0.0,4.422938524830713e+59,0.0
O2021_83_26_1_0013_00001598_7000_0.tif,83-26,DSM/DTM geotransform mismatch -- no co-located terrain model,476.41368578159046,0.0,476.41368578159046,0.0
O2021_82_21_1_0005_00001869_4000_1000.tif,82-21,DSM/DTM geotransform mismatch -- no co-located terrain model,4.422938524830713e+59,0.0,4.422938524830713e+59,0.0
O2021_82_21_1_0005_00001869_0_1000.tif,82-21,DSM/DTM geotransform mismatch -- no co-located terrain model,4.422938524830713e+59,0.0,4.422938524830713e+59,0.0
O2021_82_19_1_0024_00005011_4000_0.tif,82-19,DSM/DTM geotransform mismatch -- no co-located terrain model,809.7653981246667,809.7653981246667,0.0,0.0
O2021_82_20_1_0024_00005078_10000_1000.tif,82-20,DSM/DTM geotransform mismatch -- no co-located terrain model,4.422938524830713e+59,0.0,4.422938524830713e+59,0.0
O2021_82_20_1_0024_00005079_0_8000.tif,82-20,DSM/DTM geotransform mismatch -- no co-located terrain model,4.422938524830713e+59,0.0,4.422938524830713e+59,0.0
O2021_82_20_1_0024_00005079_1000_8000.tif,82-20,DSM/DTM geotransform mismatch -- no co-located terrain model,4.422938524830713e+59,0.0,4.422938524830713e+59,0.0
O2021_83_26_1_0012_00001784_10040_1000.tif,83-26,DSM/DTM geotransform mismatch -- no co-located terrain model,333.1816321467917,0.0,333.1816321467917,0.0
O2021_82_21_1_0004_00002039_3000_3000.tif,82-21,DSM/DTM geotransform mismatch -- no co-located terrain model,4.422938524830713e+59,0.0,4.422938524830713e+59,0.0
O2021_82_20_1_0024_00005078_0_4000.tif,82-20,DSM/DTM geotransform mismatch -- no co-located terrain model,4.422938524830713e+59,0.0,4.422938524830713e+59,0.0
O2021_82_20_1_0024_00005077_2000_0.tif,82-20,DSM/DTM geotransform mismatch -- no co-located terrain model,4.422938524830713e+59,0.0,4.422938524830713e+59,0.0
O2021_82_11_1_0027_00002537_4000_2000.tif,82-11,DSM/DTM geotransform mismatch -- no co-located terrain model,559.3576673292322,559.3576673292322,0.0,0.0
O2021_82_24_1_0021_00002045_1000_0.tif,82-24,DSM/DTM geotransform mismatch -- no co-located terrain model,141.4213562373095,0.0,141.4213562373095,0.0
O2021_82_20_1_0024_00005079_2000_6000.tif,82-20,DSM/DTM geotransform mismatch -- no co-located terrain model,4.422938524830713e+59,0.0,4.422938524830713e+59,0.0
O2021_82_20_1_0024_00005079_3000_7000.tif,82-20,DSM/DTM geotransform mismatch -- no co-located terrain model,4.422938524830713e+59,0.0,4.422938524830713e+59,0.0
O2021_83_26_1_0012_00001780_8000_5000.tif,83-26,DSM/DTM geotransform mismatch -- no co-located terrain model,817.1566557276518,0.0,817.1566557276518,0.0
O2021_82_16_1_0028_00005674_10cm_3000_1000.tif,82-16,DSM/DTM geotransform mismatch -- no co-located terrain model,238.447059113758,0.0,238.447059113758,0.0
O2021_82_20_1_0024_00005078_2000_8000.tif,82-20,DSM/DTM geotransform mismatch -- no co-located terrain model,4.422938524830713e+59,0.0,4.422938524830713e+59,0.0
O2021_82_20_1_0024_00005077_13000_1000.tif,82-20,DSM/DTM geotransform mismatch -- no co-located terrain model,4.422938524830713e+59,0.0,4.422938524830713e+59,0.0
O2021_82_20_1_0024_00005077_4000_1000.tif,82-20,DSM/DTM geotransform mismatch -- no co-located terrain model,4.422938524830713e+59,0.0,4.422938524830713e+59,0.0
O2021_82_20_1_0024_00005078_1000_6000.tif,82-20,DSM/DTM geotransform mismatch -- no co-located terrain model,4.422938524830713e+59,0.0,4.422938524830713e+59,0.0
O2021_82_21_1_0005_00001869_5000_0.tif,82-21,DSM/DTM geotransform mismatch -- no co-located terrain model,4.422938524830713e+59,0.0,4.422938524830713e+59,0.0
O2021_82_20_1_0024_00005077_9000_3000.tif,82-20,DSM/DTM geotransform mismatch -- no co-located terrain model,4.422938524830713e+59,0.0,4.422938524830713e+59,0.0
O2021_82_20_1_0024_00005077_11000_3000.tif,82-20,DSM/DTM geotransform mismatch -- no co-located terrain model,4.422938524830713e+59,0.0,4.422938524830713e+59,0.0
O2021_82_20_1_0024_00005077_6000_3000.tif,82-20,DSM/DTM geotransform mismatch -- no co-located terrain model,4.422938524830713e+59,0.0,4.422938524830713e+59,0.0
O2021_82_20_1_0024_00005078_3000_4000.tif,82-20,DSM/DTM geotransform mismatch -- no co-located terrain model,4.422938524830713e+59,0.0,4.422938524830713e+59,0.0
O2021_82_19_1_0023_00005475_4000_3000.tif,82-19,DSM/DTM geotransform mismatch -- no co-located terrain model,618.7164132298415,618.7164132298415,0.0,0.0
O2021_82_20_1_0024_00005079_1000_5000.tif,82-20,DSM/DTM geotransform mismatch -- no co-located terrain model,4.422938524830713e+59,0.0,4.422938524830713e+59,0.0
O2021_83_31_1_0040_00094632_1000_3000.tif,83-31,DSM/DTM geotransform mismatch -- no co-located terrain model,728.0109889280518,0.0,728.0109889280518,0.0
O2021_82_21_1_0005_00001869_11000_2000.tif,82-21,DSM/DTM geotransform mismatch -- no co-located terrain model,4.422938524830713e+59,0.0,4.422938524830713e+59,0.0
O2021_82_20_1_0024_00005079_13000_3000.tif,82-20,DSM/DTM geotransform mismatch -- no co-located terrain model,4.422938524830713e+59,0.0,4.422938524830713e+59,0.0
O2021_83_31_1_0041_00093557_6000_0.tif,83-31,DSM/DTM geotransform mismatch -- no co-located terrain model,875.6312009059521,0.0,875.6312009059521,0.0
O2021_83_26_1_0012_00001774_9000_6000.tif,83-26,DSM/DTM geotransform mismatch -- no co-located terrain model,1228.2345052961182,0.0,1228.2345052961182,0.0
O2021_82_20_1_0024_00005078_2000_5000.tif,82-20,DSM/DTM geotransform mismatch -- no co-located terrain model,4.422938524830713e+59,0.0,4.422938524830713e+59,0.0
O2021_82_16_1_0028_00005676_10cm_2000_4000.tif,82-16,DSM/DTM geotransform mismatch -- no co-located terrain model,715.5976523158806,0.0,715.5976523158806,0.0
O2021_82_20_1_0024_00005077_0_0.tif,82-20,DSM/DTM geotransform mismatch -- no co-located terrain model,4.422938524830713e+59,0.0,4.422938524830713e+59,0.0
O2021_82_19_1_0024_00005013_5000_4000.tif,82-19,DSM/DTM geotransform mismatch -- no co-located terrain model,679.2650439997631,0.0,679.2650439997631,0.0
O2021_82_20_1_0024_00005078_6000_1000.tif,82-20,DSM/DTM geotransform mismatch -- no co-located terrain model,4.422938524830713e+59,0.0,4.422938524830713e+59,0.0
O2021_82_22_1_0032_00000909_3000_5000.tif,82-22,DSM/DTM geotransform mismatch -- no co-located terrain model,660.6125944909013,0.0,660.6125944909013,0.0
O2021_82_21_1_0004_00002039_15000_2000.tif,82-21,DSM/DTM geotransform mismatch -- no co-located terrain model,4.422938524830713e+59,0.0,4.422938524830713e+59,0.0
O2021_82_20_1_0024_00005079_0_7000.tif,82-20,DSM/DTM geotransform mismatch -- no co-located terrain model,4.422938524830713e+59,0.0,4.422938524830713e+59,0.0
O2021_83_26_1_0012_00001778_6000_0.tif,83-26,DSM/DTM geotransform mismatch -- no co-located terrain model,607.5236620906218,0.0,607.5236620906218,0.0
O2021_82_20_1_0024_00005078_9000_1000.tif,82-20,DSM/DTM geotransform mismatch -- no co-located terrain model,4.422938524830713e+59,0.0,4.422938524830713e+59,0.0
O2021_82_21_1_0004_00002039_14000_3000.tif,82-21,DSM/DTM geotransform mismatch -- no co-located terrain model,4.422938524830713e+59,0.0,4.422938524830713e+59,0.0
O2021_82_21_1_0005_00001869_6000_1000.tif,82-21,DSM/DTM geotransform mismatch -- no co-located terrain model,4.422938524830713e+59,0.0,4.422938524830713e+59,0.0
O2021_82_20_1_0024_00005078_12000_1000.tif,82-20,DSM/DTM geotransform mismatch -- no co-located terrain model,4.422938524830713e+59,0.0,4.422938524830713e+59,0.0
O2021_83_26_1_0012_00001785_6000_4000.tif,83-26,DSM/DTM geotransform mismatch -- no co-located terrain model,797.2784958845937,797.2784958845937,0.0,0.0
O2021_82_20_1_0024_00005080_0_11000.tif,82-20,DSM/DTM geotransform mismatch -- no co-located terrain model,4.422938524830713e+59,0.0,4.422938524830713e+59,0.0
O2021_82_21_1_0005_00001869_9000_1000.tif,82-21,DSM/DTM geotransform mismatch -- no co-located terrain model,4.422938524830713e+59,0.0,4.422938524830713e+59,0.0
O2021_83_25_1_0017_00002702_5000_2000.tif,83-25,DSM/DTM geotransform mismatch -- no co-located terrain model,305.0131144721486,0.0,305.0131144721486,0.0
O2021_83_31_1_0039_00123148_8150_2000.tif,83-31,DSM/DTM geotransform mismatch -- no co-located terrain model,566.6153898368805,0.0,566.6153898368805,0.0
O2021_82_21_1_0004_00002039_16000_0.tif,82-21,DSM/DTM geotransform mismatch -- no co-located terrain model,4.422938524830713e+59,0.0,4.422938524830713e+59,0.0
O2021_83_31_1_0040_00094632_8000_5000.tif,83-31,DSM/DTM geotransform mismatch -- no co-located terrain model,748.1670936361743,0.0,748.1670936361743,0.0
O2021_82_20_1_0024_00005078_10000_3000.tif,82-20,DSM/DTM geotransform mismatch -- no co-located terrain model,4.422938524830713e+59,0.0,4.422938524830713e+59,0.0
O2021_82_20_1_0024_00005079_8000_3000.tif,82-20,DSM/DTM geotransform mismatch -- no co-located terrain model,4.422938524830713e+59,0.0,4.422938524830713e+59,0.0
O2021_82_11_1_0023_00003032_0_5000.tif,82-11,DSM/DTM geotransform mismatch -- no co-located terrain model,707.1067811865476,0.0,707.1067811865476,0.0
O2021_82_11_1_0023_00003031_2000_7000.tif,82-11,DSM/DTM geotransform mismatch -- no co-located terrain model,890.8428593191956,890.8428593191956,0.0,0.0
O2021_82_20_1_0024_00005080_9000_9000.tif,82-20,DSM/DTM geotransform mismatch -- no co-located terrain model,4.422938524830713e+59,0.0,4.422938524830713e+59,0.0
O2021_83_31_1_0040_00094623_1000_3000.tif,83-31,DSM/DTM geotransform mismatch -- no co-located terrain model,309.00647242412253,0.0,309.00647242412253,0.0
O2021_82_20_1_0024_00005080_6000_9000.tif,82-20,DSM/DTM geotransform mismatch -- no co-located terrain model,4.422938524830713e+59,0.0,4.422938524830713e+59,0.0
O2021_82_20_1_0024_00005078_5000_2000.tif,82-20,DSM/DTM geotransform mismatch -- no co-located terrain model,4.422938524830713e+59,0.0,4.422938524830713e+59,0.0
O2021_83_31_1_0043_00091119_4000_2000.tif,83-31,DSM/DTM geotransform mismatch -- no co-located terrain model,873.4992844874001,0.0,873.4992844874001,0.0
O2021_82_13_1_0026_00144928_5000_3000.tif,82-13,DSM/DTM geotransform mismatch -- no co-located terrain model,508.4142012178653,508.4142012178653,0.0,0.0
O2021_82_19_1_0023_00005476_10000_5000.tif,82-19,DSM/DTM geotransform mismatch -- no co-located terrain model,538.5164807134504,538.5164807134504,0.0,0.0
O2021_82_20_1_0024_00005077_0_1000.tif,82-20,DSM/DTM geotransform mismatch -- no co-located terrain model,4.422938524830713e+59,0.0,4.422938524830713e+59,0.0
O2021_82_20_1_0024_00005078_4000_3000.tif,82-20,DSM/DTM geotransform mismatch -- no co-located terrain model,4.422938524830713e+59,0.0,4.422938524830713e+59,0.0
O2021_83_25_1_0015_00002817_6000_6000.tif,83-25,DSM/DTM geotransform mismatch -- no co-located terrain model,1793.2718700743621,0.0,1793.2718700743621,0.0
O2021_82_20_1_0024_00005078_11000_2000.tif,82-20,DSM/DTM geotransform mismatch -- no co-located terrain model,4.422938524830713e+59,0.0,4.422938524830713e+59,0.0
O2021_82_21_1_0005_00001869_5000_2000.tif,82-21,DSM/DTM geotransform mismatch -- no co-located terrain model,4.422938524830713e+59,806.2257748298549,4.422938524830713e+59,0.0
O2021_82_13_1_0025_00144221_4000_4000.tif,82-13,DSM/DTM geotransform mismatch -- no co-located terrain model,104.23531071570709,0.0,104.23531071570709,0.0
